文件名,背景颜色(Background),相机高度(Height),总面积占比(Area_Ratio),累积灰度密度(IOD),最大聚集块面积(Max_Cluster),大块占比(Core_Ratio),Wear_Level
Blue_0 (1).jpg,Blue,0 (1),0.015868,2698592,5354,0.887992,1
Blue_0 (10).jpg,Blue,0 (10),0.029286,5229662,2594,0.796369,1
Blue_0 (100).jpg,Blue,0 (100),0.038748,6747767,3304,0.736236,1
Blue_0 (101).jpg,Blue,0 (101),0.024648,4263532,1463,0.72614,1
Blue_0 (102).jpg,Blue,0 (102),0.035951,6421685,4798,0.748612,1
Blue_0 (103).jpg,Blue,0 (103),0.04565,8277876,7181,0.77683,1
Blue_0 (104).jpg,Blue,0 (104),0.047917,8558771,4635,0.791078,1
Blue_0 (105).jpg,Blue,0 (105),0.053398,9690818,7080,0.793241,2
Blue_0 (106).jpg,Blue,0 (106),0.0539,9694696,5860,0.787535,2
Blue_0 (107).jpg,Blue,0 (107),0.034218,6005646,4946,0.733724,1
Blue_0 (108).jpg,Blue,0 (108),0.016126,2653171,1143,0.637868,0
Blue_0 (109).jpg,Blue,0 (109),0.01737,3111150,4793,0.755685,1
Blue_0 (11).jpg,Blue,0 (11),0.038303,7122549,4194,0.818952,1
Blue_0 (110).jpg,Blue,0 (110),0.021893,3965934,5609,0.763989,1
Blue_0 (111).jpg,Blue,0 (111),0.03598,6587503,7257,0.788745,1
Blue_0 (112).jpg,Blue,0 (112),0.039025,7201527,7323,0.792381,1
Blue_0 (113).jpg,Blue,0 (113),0.047043,8580279,7296,0.81294,2
Blue_0 (114).jpg,Blue,0 (114),0.050041,9194503,7217,0.807689,2
Blue_0 (115).jpg,Blue,0 (115),0.031673,5458681,2103,0.738129,1
Blue_0 (116).jpg,Blue,0 (116),0.02339,3736553,1578,0.702032,1
Blue_0 (117).jpg,Blue,0 (117),0.016978,2736016,952,0.656484,0
Blue_0 (118).jpg,Blue,0 (118),0.026936,4764309,3166,0.723413,1
Blue_0 (119).jpg,Blue,0 (119),0.050687,8336170,3439,0.728705,1
Blue_0 (12).jpg,Blue,0 (12),0.04274,7760254,5281,0.846023,1
Blue_0 (120).jpg,Blue,0 (120),0.032463,5696459,3111,0.715456,1
Blue_0 (121).jpg,Blue,0 (121),0.045514,8102569,5782,0.754017,1
Blue_0 (122).jpg,Blue,0 (122),0.051519,9280576,5713,0.772831,2
Blue_0 (123).jpg,Blue,0 (123),0.05249,9376423,5693,0.757333,2
Blue_0 (124).jpg,Blue,0 (124),0.059909,10771849,5766,0.782312,2
Blue_0 (125).jpg,Blue,0 (125),0.063653,11075691,5623,0.777014,2
Blue_0 (126).jpg,Blue,0 (126),0.066838,11866313,5598,0.785853,2
Blue_0 (127).jpg,Blue,0 (127),0.047939,8563918,5748,0.760531,1
Blue_0 (128).jpg,Blue,0 (128),0.029935,5205068,1901,0.662281,1
Blue_0 (129).jpg,Blue,0 (129),0.015484,2466213,923,0.56363,0
Blue_0 (13).jpg,Blue,0 (13),0.046814,8286057,5278,0.862831,2
Blue_0 (130).jpg,Blue,0 (130),0.026789,4722241,3885,0.715136,1
Blue_0 (131).jpg,Blue,0 (131),0.039403,7021489,3884,0.755604,1
Blue_0 (132).jpg,Blue,0 (132),0.044517,7839164,7678,0.778658,1
Blue_0 (133).jpg,Blue,0 (133),0.050719,8806711,7702,0.792718,2
Blue_0 (134).jpg,Blue,0 (134),0.054295,9659206,10798,0.806607,2
Blue_0 (135).jpg,Blue,0 (135),0.037291,6533926,11048,0.755376,1
Blue_0 (136).jpg,Blue,0 (136),0.025229,4547971,3961,0.759193,1
Blue_0 (137).jpg,Blue,0 (137),0.037446,6542794,2668,0.780238,1
Blue_0 (138).jpg,Blue,0 (138),0.03639,6211548,2538,0.748606,1
Blue_0 (139).jpg,Blue,0 (139),0.020428,3486654,2507,0.677627,1
Blue_0 (14).jpg,Blue,0 (14),0.047744,8565236,5225,0.853003,2
Blue_0 (140).jpg,Blue,0 (140),0.036135,6339779,5122,0.77647,1
Blue_0 (141).jpg,Blue,0 (141),0.03744,6602399,5157,0.769425,1
Blue_0 (142).jpg,Blue,0 (142),0.051694,9228727,5045,0.800928,2
Blue_0 (143).jpg,Blue,0 (143),0.030473,5316962,3365,0.727781,1
Blue_0 (144).jpg,Blue,0 (144),0.040589,7096250,5170,0.783222,1
Blue_0 (145).jpg,Blue,0 (145),0.042321,7427986,5159,0.79217,1
Blue_0 (146).jpg,Blue,0 (146),0.051985,8959351,5122,0.820263,2
Blue_0 (147).jpg,Blue,0 (147),0.056293,9833229,5065,0.813897,2
Blue_0 (148).jpg,Blue,0 (148),0.059789,10736556,4979,0.82311,2
Blue_0 (149).jpg,Blue,0 (149),0.033818,5937396,2575,0.739083,1
Blue_0 (15).jpg,Blue,0 (15),0.053124,9548012,5322,0.855103,2
Blue_0 (150).jpg,Blue,0 (150),0.043454,7657565,6647,0.778535,1
Blue_0 (151).jpg,Blue,0 (151),0.022413,3702627,1456,0.653176,0
Blue_0 (152).jpg,Blue,0 (152),0.03715,6412280,2065,0.736396,1
Blue_0 (153).jpg,Blue,0 (153),0.050282,8715122,6128,0.792943,2
Blue_0 (154).jpg,Blue,0 (154),0.066058,11141694,6231,0.823355,2
Blue_0 (155).jpg,Blue,0 (155),0.059723,10543961,7312,0.783489,2
Blue_0 (156).jpg,Blue,0 (156),0.070607,12515204,8723,0.800433,2
Blue_0 (157).jpg,Blue,0 (157),0.041974,7220991,2593,0.733656,1
Blue_0 (158).jpg,Blue,0 (158),0.068626,11455791,5827,0.807276,2
Blue_0 (159).jpg,Blue,0 (159),0.054275,9488464,4485,0.79936,2
Blue_0 (16).jpg,Blue,0 (16),0.050783,9062251,5385,0.842742,2
Blue_0 (160).jpg,Blue,0 (160),0.025828,4276221,1608,0.646389,0
Blue_0 (161).jpg,Blue,0 (161),0.039395,6835087,4955,0.73638,1
Blue_0 (162).jpg,Blue,0 (162),0.049993,8693530,7022,0.769414,1
Blue_0 (163).jpg,Blue,0 (163),0.038877,6474653,2664,0.718859,1
Blue_0 (164).jpg,Blue,0 (164),0.046522,7948383,5583,0.763265,1
Blue_0 (165).jpg,Blue,0 (165),0.069015,11771602,5581,0.80333,2
Blue_0 (166).jpg,Blue,0 (166),0.047651,7975981,2811,0.744848,1
Blue_0 (167).jpg,Blue,0 (167),0.070779,12171702,6882,0.802484,2
Blue_0 (168).jpg,Blue,0 (168),0.027161,4518946,1545,0.690476,1
Blue_0 (169).jpg,Blue,0 (169),0.031071,5237934,3501,0.738676,1
Blue_0 (17).jpg,Blue,0 (17),0.03782,6968914,5586,0.81446,1
Blue_0 (170).jpg,Blue,0 (170),0.039015,6647068,3385,0.776894,1
Blue_0 (171).jpg,Blue,0 (171),0.046758,8152596,4118,0.797433,1
Blue_0 (172).jpg,Blue,0 (172),0.051069,9067474,4132,0.809094,2
Blue_0 (173).jpg,Blue,0 (173),0.032586,5448423,2352,0.745963,1
Blue_0 (174).jpg,Blue,0 (174),0.048001,8174794,5184,0.794973,1
Blue_0 (175).jpg,Blue,0 (175),0.058114,10138353,9542,0.821838,2
Blue_0 (176).jpg,Blue,0 (176),0.065021,11259905,9314,0.831968,2
Blue_0 (177).jpg,Blue,0 (177),0.034794,5655699,2329,0.731273,1
Blue_0 (178).jpg,Blue,0 (178),0.0461,7631060,1765,0.763922,1
Blue_0 (179).jpg,Blue,0 (179),0.05474,9476836,7046,0.795473,2
Blue_0 (18).jpg,Blue,0 (18),0.024657,4108994,3308,0.725224,1
Blue_0 (180).jpg,Blue,0 (180),0.063886,11248484,6600,0.81373,2
Blue_0 (181).jpg,Blue,0 (181),0.073554,12683862,6919,0.830395,2
Blue_0 (182).jpg,Blue,0 (182),0.054504,9263487,4438,0.796062,2
Blue_0 (183).jpg,Blue,0 (183),0.032109,5296031,2027,0.75615,1
Blue_0 (184).jpg,Blue,0 (184),0.044952,7562045,7558,0.797842,1
Blue_0 (185).jpg,Blue,0 (185),0.05325,9401971,7436,0.821742,2
Blue_0 (186).jpg,Blue,0 (186),0.061914,10679287,7077,0.823151,2
Blue_0 (187).jpg,Blue,0 (187),0.031072,5127499,2034,0.760791,1
Blue_0 (188).jpg,Blue,0 (188),0.044001,7311895,3208,0.78188,1
Blue_0 (189).jpg,Blue,0 (189),0.066707,11418059,5120,0.8294,2
Blue_0 (19).jpg,Blue,0 (19),0.036386,6427533,3304,0.758328,1
Blue_0 (190).jpg,Blue,0 (190),0.03827,6282908,1995,0.774171,1
Blue_0 (191).jpg,Blue,0 (191),0.050917,8697327,3349,0.800149,2
Blue_0 (192).jpg,Blue,0 (192),0.063414,10812394,6541,0.822251,2
Blue_0 (193).jpg,Blue,0 (193),0.071659,12216988,3376,0.824094,2
Blue_0 (194).jpg,Blue,0 (194),0.078229,13578902,3373,0.840657,2
Blue_0 (195).jpg,Blue,0 (195),0.061029,10517448,3718,0.831769,2
Blue_0 (196).jpg,Blue,0 (196),0.040564,6744394,2776,0.787476,1
Blue_0 (197).jpg,Blue,0 (197),0.051636,8775085,2659,0.805686,2
Blue_0 (198).jpg,Blue,0 (198),0.060418,10473582,3689,0.818358,2
Blue_0 (199).jpg,Blue,0 (199),0.067354,11386714,5795,0.83049,2
Blue_0 (2).jpg,Blue,0 (2),0.027558,4697959,4856,0.757688,1
Blue_0 (20).jpg,Blue,0 (20),0.040856,7286535,3200,0.7942,1
Blue_0 (200).jpg,Blue,0 (200),0.071627,12362760,5496,0.819591,2
Blue_0 (21).jpg,Blue,0 (21),0.04822,8739404,3148,0.789739,1
Blue_0 (22).jpg,Blue,0 (22),0.052786,9556784,3131,0.80065,2
Blue_0 (23).jpg,Blue,0 (23),0.058771,10842216,3104,0.81107,2
Blue_0 (24).jpg,Blue,0 (24),0.066033,12013100,3333,0.832769,2
Blue_0 (25).jpg,Blue,0 (25),0.027109,4738022,2027,0.676713,1
Blue_0 (26).jpg,Blue,0 (26),0.033133,5906706,2410,0.713313,1
Blue_0 (27).jpg,Blue,0 (27),0.03869,6697105,2366,0.727655,1
Blue_0 (28).jpg,Blue,0 (28),0.042609,7541655,2430,0.725705,1
Blue_0 (29).jpg,Blue,0 (29),0.048446,8697082,2392,0.753606,1
Blue_0 (3).jpg,Blue,0 (3),0.036518,5930874,4773,0.800565,1
Blue_0 (30).jpg,Blue,0 (30),0.065683,11892305,3020,0.803264,2
Blue_0 (31).jpg,Blue,0 (31),0.035356,6312374,2385,0.727228,1
Blue_0 (32).jpg,Blue,0 (32),0.020512,3585929,2782,0.705089,1
Blue_0 (33).jpg,Blue,0 (33),0.028362,5122043,6151,0.74011,1
Blue_0 (34).jpg,Blue,0 (34),0.034987,6427533,5487,0.785541,1
Blue_0 (35).jpg,Blue,0 (35),0.02542,4506730,4099,0.72839,1
Blue_0 (36).jpg,Blue,0 (36),0.043519,7924981,4049,0.808537,1
Blue_0 (37).jpg,Blue,0 (37),0.05512,10014781,4089,0.837142,2
Blue_0 (38).jpg,Blue,0 (38),0.057465,10567806,4038,0.831911,2
Blue_0 (39).jpg,Blue,0 (39),0.061337,11353595,3930,0.82989,2
Blue_0 (4).jpg,Blue,0 (4),0.04186,6828320,3369,0.820234,1
Blue_0 (40).jpg,Blue,0 (40),0.037645,6686430,4274,0.742809,1
Blue_0 (41).jpg,Blue,0 (41),0.028257,5042957,2011,0.706013,1
Blue_0 (42).jpg,Blue,0 (42),0.028661,5103474,6852,0.739305,1
Blue_0 (43).jpg,Blue,0 (43),0.03373,6146160,6815,0.768031,1
Blue_0 (44).jpg,Blue,0 (44),0.04353,8015737,6758,0.802478,1
Blue_0 (45).jpg,Blue,0 (45),0.042916,7712780,5217,0.797932,1
Blue_0 (46).jpg,Blue,0 (46),0.049352,9057317,6232,0.812897,2
Blue_0 (47).jpg,Blue,0 (47),0.053483,9819269,6067,0.819963,2
Blue_0 (48).jpg,Blue,0 (48),0.043427,7723647,2686,0.761856,1
Blue_0 (49).jpg,Blue,0 (49),0.029652,5132038,1242,0.681158,1
Blue_0 (5).jpg,Blue,0 (5),0.043767,7297392,4576,0.82735,1
Blue_0 (50).jpg,Blue,0 (50),0.023505,3844026,1010,0.628889,0
Blue_0 (51).jpg,Blue,0 (51),0.026353,4634978,3651,0.684728,1
Blue_0 (52).jpg,Blue,0 (52),0.030074,5202364,3581,0.667593,1
Blue_0 (53).jpg,Blue,0 (53),0.041713,7145195,3616,0.744635,1
Blue_0 (54).jpg,Blue,0 (54),0.040294,7129514,3484,0.717221,1
Blue_0 (55).jpg,Blue,0 (55),0.051748,8990865,3597,0.758151,1
Blue_0 (56).jpg,Blue,0 (56),0.057899,10391851,3649,0.768141,2
Blue_0 (57).jpg,Blue,0 (57),0.055608,9877144,3389,0.772225,2
Blue_0 (58).jpg,Blue,0 (58),0.061189,10994721,3456,0.788552,2
Blue_0 (59).jpg,Blue,0 (59),0.04596,7999781,3890,0.723328,1
Blue_0 (6).jpg,Blue,0 (6),0.047452,8027024,3139,0.83001,1
Blue_0 (60).jpg,Blue,0 (60),0.034043,5895611,1355,0.677759,1
Blue_0 (61).jpg,Blue,0 (61),0.027324,4647409,2207,0.664244,1
Blue_0 (62).jpg,Blue,0 (62),0.023864,4098323,1868,0.618333,0
Blue_0 (63).jpg,Blue,0 (63),0.033155,5742393,2181,0.716619,1
Blue_0 (64).jpg,Blue,0 (64),0.039422,7030593,2181,0.722826,1
Blue_0 (65).jpg,Blue,0 (65),0.044643,7926637,2018,0.740029,1
Blue_0 (66).jpg,Blue,0 (66),0.054827,9468887,3283,0.781987,2
Blue_0 (67).jpg,Blue,0 (67),0.057813,10256963,4372,0.777459,2
Blue_0 (68).jpg,Blue,0 (68),0.058251,10421006,4341,0.784535,2
Blue_0 (69).jpg,Blue,0 (69),0.041314,7262038,4453,0.753487,1
Blue_0 (7).jpg,Blue,0 (7),0.042265,6804953,3093,0.719211,1
Blue_0 (70).jpg,Blue,0 (70),0.031859,5395675,3684,0.704506,1
Blue_0 (71).jpg,Blue,0 (71),0.033853,5889309,3165,0.715055,1
Blue_0 (72).jpg,Blue,0 (72),0.033961,5921320,3096,0.691067,1
Blue_0 (73).jpg,Blue,0 (73),0.038956,6634617,3151,0.743886,1
Blue_0 (74).jpg,Blue,0 (74),0.041447,7233937,3115,0.74462,1
Blue_0 (75).jpg,Blue,0 (75),0.028695,4763972,1534,0.646323,1
Blue_0 (76).jpg,Blue,0 (76),0.019366,3248915,1520,0.604269,0
Blue_0 (77).jpg,Blue,0 (77),0.021806,3810644,1841,0.709395,1
Blue_0 (78).jpg,Blue,0 (78),0.021863,3894005,1781,0.684699,1
Blue_0 (79).jpg,Blue,0 (79),0.031238,5607571,3120,0.750877,1
Blue_0 (8).jpg,Blue,0 (8),0.010805,1576244,1342,0.648725,0
Blue_0 (80).jpg,Blue,0 (80),0.036087,6409623,3133,0.738439,1
Blue_0 (81).jpg,Blue,0 (81),0.023204,3936076,2852,0.711293,1
Blue_0 (82).jpg,Blue,0 (82),0.012803,1975920,769,0.57632,0
Blue_0 (83).jpg,Blue,0 (83),0.025622,4530554,5532,0.754754,1
Blue_0 (84).jpg,Blue,0 (84),0.03031,5445609,5479,0.77275,1
Blue_0 (85).jpg,Blue,0 (85),0.04078,7432979,5500,0.804513,1
Blue_0 (86).jpg,Blue,0 (86),0.023113,4009958,4590,0.726961,1
Blue_0 (87).jpg,Blue,0 (87),0.021697,3771436,2334,0.694789,1
Blue_0 (88).jpg,Blue,0 (88),0.028513,4945840,2318,0.734455,1
Blue_0 (89).jpg,Blue,0 (89),0.035151,6284842,4412,0.765396,1
Blue_0 (9).jpg,Blue,0 (9),0.017972,3056459,2031,0.729457,1
Blue_0 (90).jpg,Blue,0 (90),0.044399,8038916,4514,0.779975,1
Blue_0 (91).jpg,Blue,0 (91),0.05201,9375882,4512,0.80005,2
Blue_0 (92).jpg,Blue,0 (92),0.052561,9621266,4429,0.80289,2
Blue_0 (93).jpg,Blue,0 (93),0.02973,5282631,2331,0.743531,1
Blue_0 (94).jpg,Blue,0 (94),0.019531,3360127,1566,0.669444,0
Blue_0 (95).jpg,Blue,0 (95),0.02643,4585216,2936,0.755234,1
Blue_0 (96).jpg,Blue,0 (96),0.033991,6187618,2944,0.777693,1
Blue_0 (97).jpg,Blue,0 (97),0.038504,6905054,3951,0.776948,1
Blue_0 (98).jpg,Blue,0 (98),0.04552,8309666,3904,0.781531,1
Blue_0 (99).jpg,Blue,0 (99),0.053834,9687968,3900,0.805676,2
White_0 (1).jpg,White,0 (1),0.029644,4740915,2447,0.780747,1
White_0 (10).jpg,White,0 (10),0.053198,8255747,3281,0.814694,2
White_0 (100).jpg,White,0 (100),0.060765,9571727,3313,0.784932,2
White_0 (101).jpg,White,0 (101),0.059623,9412319,3197,0.778904,2
White_0 (102).jpg,White,0 (102),0.043125,6828684,1446,0.716737,1
White_0 (103).jpg,White,0 (103),0.03463,5373557,1407,0.6705,1
White_0 (104).jpg,White,0 (104),0.023767,3407969,1131,0.565924,0
White_0 (105).jpg,White,0 (105),0.013111,1869823,914,0.406522,0
White_0 (106).jpg,White,0 (106),0.010385,1437167,856,0.416675,0
White_0 (107).jpg,White,0 (107),0.017597,2708338,2443,0.62638,0
White_0 (108).jpg,White,0 (108),0.032879,5294133,2443,0.715092,1
White_0 (109).jpg,White,0 (109),0.039618,6558218,2588,0.745892,1
White_0 (11).jpg,White,0 (11),0.046751,7288059,3832,0.794481,1
White_0 (110).jpg,White,0 (110),0.045426,7313188,2752,0.794076,1
White_0 (111).jpg,White,0 (111),0.050996,8319810,3737,0.794906,1
White_0 (112).jpg,White,0 (112),0.055192,8994293,2974,0.80287,2
White_0 (113).jpg,White,0 (113),0.061963,10235698,4330,0.829805,2
White_0 (114).jpg,White,0 (114),0.035582,5584337,2536,0.693767,1
White_0 (115).jpg,White,0 (115),0.027855,4266159,1141,0.637022,0
White_0 (116).jpg,White,0 (116),0.01745,2576437,1026,0.512809,0
White_0 (117).jpg,White,0 (117),0.028228,4386412,3389,0.674995,1
White_0 (118).jpg,White,0 (118),0.03914,6316335,3380,0.74991,1
White_0 (119).jpg,White,0 (119),0.04577,7511508,5415,0.774762,1
White_0 (12).jpg,White,0 (12),0.023223,3424025,2432,0.636015,0
White_0 (120).jpg,White,0 (120),0.054317,8748019,5278,0.788949,2
White_0 (121).jpg,White,0 (121),0.060578,9845533,5334,0.81026,2
White_0 (122).jpg,White,0 (122),0.057416,9267232,3350,0.800699,2
White_0 (123).jpg,White,0 (123),0.04343,7114432,4266,0.7606,1
White_0 (124).jpg,White,0 (124),0.026781,4138541,1431,0.680888,1
White_0 (125).jpg,White,0 (125),0.017331,2513291,1155,0.562046,0
White_0 (126).jpg,White,0 (126),0.010384,1408676,906,0.37325,0
White_0 (127).jpg,White,0 (127),0.007835,1010464,392,0.311314,0
White_0 (128).jpg,White,0 (128),0.007206,1062456,1682,0.487878,0
White_0 (129).jpg,White,0 (129),0.004016,579707,376,0.571737,0
White_0 (13).jpg,White,0 (13),0.016863,2264267,2237,0.508719,0
White_0 (130).jpg,White,0 (130),0.00889,1416604,1475,0.667643,0
White_0 (131).jpg,White,0 (131),0.014767,2334593,2296,0.743846,1
White_0 (132).jpg,White,0 (132),0.023717,3865395,2270,0.742977,1
White_0 (133).jpg,White,0 (133),0.025613,4120453,2171,0.717983,1
White_0 (134).jpg,White,0 (134),0.031345,5028495,2048,0.721684,1
White_0 (135).jpg,White,0 (135),0.038467,6290643,2078,0.748413,1
White_0 (136).jpg,White,0 (136),0.039774,6414058,2919,0.772698,1
White_0 (137).jpg,White,0 (137),0.042653,6877182,3321,0.779999,1
White_0 (138).jpg,White,0 (138),0.02439,3820114,2148,0.658688,0
White_0 (139).jpg,White,0 (139),0.003682,488219,176,0.310345,0
White_0 (14).jpg,White,0 (14),0.012616,1528997,571,0.368883,0
White_0 (140).jpg,White,0 (140),0.002428,300452,96,0.187668,0
White_0 (141).jpg,White,0 (141),0.006434,896803,1634,0.69747,0
White_0 (142).jpg,White,0 (142),0.012298,1734963,1778,0.65202,0
White_0 (143).jpg,White,0 (143),0.01435,1923482,1505,0.521134,0
White_0 (144).jpg,White,0 (144),0.016301,2235390,1563,0.451508,0
White_0 (145).jpg,White,0 (145),0.028279,4223603,2850,0.763334,1
White_0 (146).jpg,White,0 (146),0.038827,5873353,2881,0.769416,1
White_0 (147).jpg,White,0 (147),0.048496,7243214,2786,0.76847,1
White_0 (148).jpg,White,0 (148),0.057393,8508996,2808,0.782429,2
White_0 (149).jpg,White,0 (149),0.05999,8836999,2637,0.789734,2
White_0 (15).jpg,White,0 (15),0.009957,1174006,543,0.284765,0
White_0 (150).jpg,White,0 (150),0.065967,9603356,2539,0.791085,2
White_0 (151).jpg,White,0 (151),0.06563,9558105,2460,0.807126,2
White_0 (152).jpg,White,0 (152),0.062304,9160519,2666,0.742402,2
White_0 (153).jpg,White,0 (153),0.062795,8907000,2685,0.733239,2
White_0 (154).jpg,White,0 (154),0.064524,9243831,2803,0.763945,2
White_0 (155).jpg,White,0 (155),0.064805,9147955,2369,0.730309,2
White_0 (156).jpg,White,0 (156),0.059286,8334403,2249,0.678466,1
White_0 (157).jpg,White,0 (157),0.061021,8680121,2224,0.667568,1
White_0 (158).jpg,White,0 (158),0.061899,8358590,2426,0.627494,1
White_0 (159).jpg,White,0 (159),0.056706,7487505,1413,0.567719,1
White_0 (16).jpg,White,0 (16),0.025323,3675878,3120,0.661968,1
White_0 (160).jpg,White,0 (160),0.046294,5955838,1309,0.496262,0
White_0 (161).jpg,White,0 (161),0.056556,7379150,2337,0.59873,1
White_0 (162).jpg,White,0 (162),0.067684,9445228,3661,0.675014,2
White_0 (163).jpg,White,0 (163),0.075737,10263089,2613,0.692603,2
White_0 (164).jpg,White,0 (164),0.077233,10596579,2316,0.699345,2
White_0 (165).jpg,White,0 (165),0.079604,10866516,2435,0.693442,2
White_0 (166).jpg,White,0 (166),0.08289,11422894,4137,0.716511,2
White_0 (167).jpg,White,0 (167),0.08697,12178204,2318,0.719271,2
White_0 (168).jpg,White,0 (168),0.085552,12075564,2126,0.691559,2
White_0 (169).jpg,White,0 (169),0.086927,12108096,2128,0.666217,2
White_0 (17).jpg,White,0 (17),0.033095,4948887,3089,0.752098,1
White_0 (170).jpg,White,0 (170),0.085809,11637431,2117,0.662072,2
White_0 (171).jpg,White,0 (171),0.082026,11523335,1759,0.652794,2
White_0 (172).jpg,White,0 (172),0.06452,9184569,2316,0.561182,1
White_0 (173).jpg,White,0 (173),0.077753,10736911,2475,0.636588,2
White_0 (174).jpg,White,0 (174),0.078027,10897403,2511,0.647281,2
White_0 (175).jpg,White,0 (175),0.080827,11333223,2413,0.638945,2
White_0 (176).jpg,White,0 (176),0.084826,11817195,2719,0.675501,2
White_0 (177).jpg,White,0 (177),0.087819,12570299,2349,0.67156,2
White_0 (178).jpg,White,0 (178),0.062206,9067879,2298,0.621466,1
White_0 (179).jpg,White,0 (179),0.05437,7564401,2559,0.564133,1
White_0 (18).jpg,White,0 (18),0.027172,3901719,1955,0.715198,1
White_0 (180).jpg,White,0 (180),0.092041,13511951,4673,0.756345,2
White_0 (181).jpg,White,0 (181),0.088462,12758774,3504,0.659659,2
White_0 (182).jpg,White,0 (182),0.0693,9960216,2390,0.637559,2
White_0 (183).jpg,White,0 (183),0.038983,5288802,1643,0.510953,0
White_0 (184).jpg,White,0 (184),0.026485,3426863,1492,0.53386,0
White_0 (185).jpg,White,0 (185),0.020125,2480496,818,0.52154,0
White_0 (186).jpg,White,0 (186),0.034034,4993354,2794,0.69384,1
White_0 (187).jpg,White,0 (187),0.049766,7340664,2857,0.745072,1
White_0 (188).jpg,White,0 (188),0.069745,10964480,2814,0.787685,2
White_0 (189).jpg,White,0 (189),0.072872,10711330,2804,0.784675,2
White_0 (19).jpg,White,0 (19),0.018441,2503699,1574,0.599059,0
White_0 (190).jpg,White,0 (190),0.080889,12297938,2806,0.81566,2
White_0 (191).jpg,White,0 (191),0.082969,12398848,2715,0.798585,2
White_0 (192).jpg,White,0 (192),0.088659,13094884,2651,0.816407,2
White_0 (193).jpg,White,0 (193),0.093028,13588370,4353,0.822535,2
White_0 (194).jpg,White,0 (194),0.096289,14241227,4225,0.821005,2
White_0 (195).jpg,White,0 (195),0.099629,14904804,3856,0.81313,2
White_0 (196).jpg,White,0 (196),0.101146,15316594,3776,0.809464,2
White_0 (197).jpg,White,0 (197),0.103308,15120443,3832,0.807823,2
White_0 (198).jpg,White,0 (198),0.113626,16945718,3971,0.842529,2
White_0 (199).jpg,White,0 (199),0.040753,5860979,2111,0.634352,1
White_0 (2).jpg,White,0 (2),0.029891,4871764,4188,0.766698,1
White_0 (20).jpg,White,0 (20),0.029891,4271269,2565,0.717947,1
White_0 (200).jpg,White,0 (200),0.052891,7403892,6648,0.69186,1
White_0 (201).jpg,White,0 (201),0.061135,8773662,6468,0.734798,2
White_0 (202).jpg,White,0 (202),0.066157,9757757,6298,0.757356,2
White_0 (203).jpg,White,0 (203),0.080419,11760013,5482,0.789419,2
White_0 (204).jpg,White,0 (204),0.084004,12505581,5592,0.801209,2
White_0 (205).jpg,White,0 (205),0.093577,13657593,6270,0.818439,2
White_0 (206).jpg,White,0 (206),0.095429,14062194,3074,0.813797,2
White_0 (207).jpg,White,0 (207),0.099425,15464283,6462,0.812812,2
White_0 (208).jpg,White,0 (208),0.102436,15051377,6075,0.831121,2
White_0 (209).jpg,White,0 (209),0.103045,15083084,6226,0.828728,2
White_0 (21).jpg,White,0 (21),0.035764,5482326,3782,0.741657,1
White_0 (210).jpg,White,0 (210),0.102842,15010817,3522,0.828274,2
White_0 (211).jpg,White,0 (211),0.107955,15945786,5413,0.830296,2
White_0 (212).jpg,White,0 (212),0.115884,16991379,3871,0.846871,2
White_0 (213).jpg,White,0 (213),0.114008,16979456,3065,0.819987,2
White_0 (214).jpg,White,0 (214),0.108485,16019511,3581,0.817814,2
White_0 (215).jpg,White,0 (215),0.089506,13102467,3700,0.791815,2
White_0 (216).jpg,White,0 (216),0.082127,11945308,2409,0.759182,2
White_0 (217).jpg,White,0 (217),0.062339,8618242,2307,0.699471,2
White_0 (218).jpg,White,0 (218),0.055298,7655712,2186,0.656123,1
White_0 (219).jpg,White,0 (219),0.050406,6995707,2686,0.646833,1
White_0 (22).jpg,White,0 (22),0.018262,2744142,2698,0.703981,1
White_0 (220).jpg,White,0 (220),0.038286,5107985,1724,0.581453,0
White_0 (221).jpg,White,0 (221),0.053843,7768273,5367,0.67333,1
White_0 (222).jpg,White,0 (222),0.063056,9128635,5219,0.726339,2
White_0 (223).jpg,White,0 (223),0.076056,11402127,5203,0.823349,2
White_0 (224).jpg,White,0 (224),0.085154,12583632,5096,0.800212,2
White_0 (225).jpg,White,0 (225),0.092195,13295461,5059,0.807255,2
White_0 (226).jpg,White,0 (226),0.095576,13802020,4964,0.808385,2
White_0 (227).jpg,White,0 (227),0.103363,15004858,4583,0.831911,2
White_0 (228).jpg,White,0 (228),0.106424,15579461,4896,0.828885,2
White_0 (229).jpg,White,0 (229),0.109728,15896811,4967,0.824574,2
White_0 (23).jpg,White,0 (23),0.021316,3333550,2405,0.686129,1
White_0 (230).jpg,White,0 (230),0.092025,12725543,2329,0.749192,2
White_0 (231).jpg,White,0 (231),0.078126,10670103,2278,0.677254,2
White_0 (232).jpg,White,0 (232),0.064695,8965241,2841,0.653305,2
White_0 (233).jpg,White,0 (233),0.049574,6660476,2960,0.579355,1
White_0 (234).jpg,White,0 (234),0.064413,8891847,3136,0.711352,2
White_0 (235).jpg,White,0 (235),0.067748,9384164,4580,0.709964,2
White_0 (236).jpg,White,0 (236),0.077626,10904147,5340,0.811881,2
White_0 (237).jpg,White,0 (237),0.065998,9548955,3892,0.714307,2
White_0 (238).jpg,White,0 (238),0.074242,10611292,3789,0.748381,2
White_0 (239).jpg,White,0 (239),0.081813,11914341,3863,0.777013,2
White_0 (24).jpg,White,0 (24),0.028802,4558066,2139,0.743294,1
White_0 (240).jpg,White,0 (240),0.087923,12889341,4043,0.804505,2
White_0 (241).jpg,White,0 (241),0.086239,12540342,3283,0.791703,2
White_0 (242).jpg,White,0 (242),0.086965,12777848,3654,0.784758,2
White_0 (243).jpg,White,0 (243),0.090497,13295550,3457,0.792091,2
White_0 (244).jpg,White,0 (244),0.073231,10632670,3725,0.717099,2
White_0 (245).jpg,White,0 (245),0.05342,6568154,2013,0.650695,1
White_0 (246).jpg,White,0 (246),0.045048,5445331,2067,0.61834,1
White_0 (247).jpg,White,0 (247),0.035854,4387659,1672,0.539509,0
White_0 (248).jpg,White,0 (248),0.030908,4148291,1515,0.487625,0
White_0 (249).jpg,White,0 (249),0.027382,3565397,1400,0.46911,0
White_0 (25).jpg,White,0 (25),0.0332,5291866,2579,0.779031,1
White_0 (250).jpg,White,0 (250),0.037155,5078492,1395,0.556305,0
White_0 (251).jpg,White,0 (251),0.044057,6065473,2820,0.625668,1
White_0 (252).jpg,White,0 (252),0.050579,7089905,3478,0.672845,1
White_0 (253).jpg,White,0 (253),0.053681,7620502,3505,0.690067,1
White_0 (254).jpg,White,0 (254),0.060224,7529779,2928,0.728929,1
White_0 (255).jpg,White,0 (255),0.063413,8028088,2981,0.742099,2
White_0 (256).jpg,White,0 (256),0.065044,8243303,2836,0.739311,2
White_0 (257).jpg,White,0 (257),0.068729,8874004,2829,0.731943,2
White_0 (258).jpg,White,0 (258),0.07009,9156515,2725,0.731914,2
White_0 (259).jpg,White,0 (259),0.07847,10356946,2729,0.764996,2
White_0 (26).jpg,White,0 (26),0.039118,6228017,2600,0.783168,1
White_0 (260).jpg,White,0 (260),0.063798,8049085,2742,0.751616,2
White_0 (261).jpg,White,0 (261),0.058409,7272131,2041,0.713543,1
White_0 (262).jpg,White,0 (262),0.048383,5915135,2196,0.6451,1
White_0 (263).jpg,White,0 (263),0.057977,7488846,2287,0.689306,1
White_0 (264).jpg,White,0 (264),0.062091,8204752,2360,0.702148,1
White_0 (265).jpg,White,0 (265),0.065824,8733764,2548,0.712428,2
White_0 (266).jpg,White,0 (266),0.069804,9192828,3008,0.726617,2
White_0 (267).jpg,White,0 (267),0.07175,9624540,2837,0.737255,2
White_0 (268).jpg,White,0 (268),0.074819,10034778,3249,0.744188,2
White_0 (269).jpg,White,0 (269),0.078366,10514664,2859,0.750048,2
White_0 (27).jpg,White,0 (27),0.049734,7913625,2806,0.821752,1
White_0 (270).jpg,White,0 (270),0.064361,9484760,3178,0.705993,2
White_0 (271).jpg,White,0 (271),0.052681,7691562,3053,0.679965,1
White_0 (272).jpg,White,0 (272),0.042262,6023021,3358,0.652674,1
White_0 (273).jpg,White,0 (273),0.035291,5073117,3319,0.596729,0
White_0 (274).jpg,White,0 (274),0.023771,3214280,1329,0.516912,0
White_0 (275).jpg,White,0 (275),0.017061,2237264,1192,0.450741,0
White_0 (276).jpg,White,0 (276),0.028099,4106728,4488,0.688678,1
White_0 (277).jpg,White,0 (277),0.036062,5384009,3770,0.712592,1
White_0 (278).jpg,White,0 (278),0.044124,6600224,3561,0.766531,1
White_0 (279).jpg,White,0 (279),0.049962,7598725,3760,0.778478,1
White_0 (28).jpg,White,0 (28),0.0535,8609531,2533,0.820549,2
White_0 (280).jpg,White,0 (280),0.05253,8060687,3486,0.773507,1
White_0 (281).jpg,White,0 (281),0.059262,8939240,3682,0.781236,2
White_0 (282).jpg,White,0 (282),0.063729,9654401,4376,0.789488,2
White_0 (283).jpg,White,0 (283),0.06934,10424169,3397,0.810607,2
White_0 (284).jpg,White,0 (284),0.077426,11631933,3372,0.816652,2
White_0 (285).jpg,White,0 (285),0.080585,12149695,4571,0.821159,2
White_0 (286).jpg,White,0 (286),0.083798,12611892,3256,0.82575,2
White_0 (287).jpg,White,0 (287),0.084288,12701659,4455,0.82379,2
White_0 (288).jpg,White,0 (288),0.088401,13389356,3252,0.826918,2
White_0 (289).jpg,White,0 (289),0.088512,13308158,3140,0.820909,2
White_0 (29).jpg,White,0 (29),0.012727,1734021,1184,0.529457,0
White_0 (290).jpg,White,0 (290),0.070876,10748775,4083,0.774614,2
White_0 (291).jpg,White,0 (291),0.049051,6984665,1845,0.663378,1
White_0 (292).jpg,White,0 (292),0.02946,3933896,2020,0.510755,0
White_0 (293).jpg,White,0 (293),0.040803,5701657,3514,0.648362,1
White_0 (294).jpg,White,0 (294),0.042803,6202085,3505,0.651608,1
White_0 (295).jpg,White,0 (295),0.049118,7311343,3205,0.703603,1
White_0 (296).jpg,White,0 (296),0.053913,8068008,2893,0.732319,1
White_0 (297).jpg,White,0 (297),0.058618,8899072,3678,0.754322,2
White_0 (298).jpg,White,0 (298),0.062708,9566648,3304,0.768238,2
White_0 (299).jpg,White,0 (299),0.064701,9764927,3991,0.774971,2
White_0 (3).jpg,White,0 (3),0.021942,3355917,4076,0.721541,1
White_0 (30).jpg,White,0 (30),0.009475,1223735,1076,0.543633,0
White_0 (300).jpg,White,0 (300),0.066373,10026675,2808,0.801501,2
White_0 (301).jpg,White,0 (301),0.071283,10821465,3940,0.806253,2
White_0 (302).jpg,White,0 (302),0.07148,10903644,3836,0.807153,2
White_0 (303).jpg,White,0 (303),0.071583,10882854,3569,0.796805,2
White_0 (304).jpg,White,0 (304),0.08024,11959903,3577,0.834751,2
White_0 (305).jpg,White,0 (305),0.079169,11952309,3619,0.806214,2
White_0 (306).jpg,White,0 (306),0.08383,12742977,3565,0.807761,2
White_0 (307).jpg,White,0 (307),0.087087,13174358,2958,0.81298,2
White_0 (308).jpg,White,0 (308),0.089641,13444106,3547,0.807052,2
White_0 (309).jpg,White,0 (309),0.090884,13617643,2698,0.801765,2
White_0 (31).jpg,White,0 (31),0.009467,1353823,2857,0.621203,0
White_0 (310).jpg,White,0 (310),0.079366,11801046,2969,0.758846,2
White_0 (311).jpg,White,0 (311),0.056929,8223947,2783,0.680555,1
White_0 (312).jpg,White,0 (312),0.050485,7022416,3008,0.608184,1
White_0 (313).jpg,White,0 (313),0.053184,7518051,3863,0.65671,1
White_0 (314).jpg,White,0 (314),0.059319,8413194,5645,0.692123,1
White_0 (315).jpg,White,0 (315),0.059745,8617118,5568,0.707125,2
White_0 (316).jpg,White,0 (316),0.066272,9370822,5671,0.738359,2
White_0 (317).jpg,White,0 (317),0.071668,10542161,5491,0.73824,2
White_0 (318).jpg,White,0 (318),0.074642,11029866,5514,0.754863,2
White_0 (319).jpg,White,0 (319),0.057358,8263197,2937,0.668432,1
White_0 (32).jpg,White,0 (32),0.017974,2586710,2768,0.710112,1
White_0 (320).jpg,White,0 (320),0.042048,5813519,2444,0.591675,1
White_0 (321).jpg,White,0 (321),0.030193,4016039,1800,0.491662,0
White_0 (322).jpg,White,0 (322),0.04023,5838561,2035,0.604326,1
White_0 (323).jpg,White,0 (323),0.043703,6467340,3705,0.631775,1
White_0 (324).jpg,White,0 (324),0.04773,7212533,3226,0.649905,1
White_0 (325).jpg,White,0 (325),0.05195,7509999,3719,0.709464,1
White_0 (326).jpg,White,0 (326),0.054361,8049217,3018,0.697918,1
White_0 (327).jpg,White,0 (327),0.060734,8903250,3686,0.717269,2
White_0 (328).jpg,White,0 (328),0.064436,9611976,2837,0.741092,2
White_0 (329).jpg,White,0 (329),0.067155,10032439,3542,0.750961,2
White_0 (33).jpg,White,0 (33),0.011719,1601782,744,0.526944,0
White_0 (330).jpg,White,0 (330),0.066711,9869848,2931,0.73395,2
White_0 (331).jpg,White,0 (331),0.074442,11089329,2452,0.762105,2
White_0 (332).jpg,White,0 (332),0.079096,11561856,3598,0.768928,2
White_0 (333).jpg,White,0 (333),0.078554,11561524,2323,0.753256,2
White_0 (334).jpg,White,0 (334),0.081066,12103524,3634,0.763552,2
White_0 (335).jpg,White,0 (335),0.065856,9653447,3133,0.709011,2
White_0 (336).jpg,White,0 (336),0.055898,7951228,4747,0.660552,1
White_0 (337).jpg,White,0 (337),0.048848,6914357,2978,0.583145,1
White_0 (338).jpg,White,0 (338),0.033416,4570385,1723,0.497727,0
White_0 (339).jpg,White,0 (339),0.02959,4080487,1842,0.498753,0
White_0 (34).jpg,White,0 (34),0.020207,3006592,3366,0.693819,1
White_0 (340).jpg,White,0 (340),0.039145,5846683,2086,0.60647,1
White_0 (341).jpg,White,0 (341),0.047114,7158038,3829,0.670129,1
White_0 (342).jpg,White,0 (342),0.053957,8053265,3800,0.715788,1
White_0 (343).jpg,White,0 (343),0.060073,8956375,3756,0.723371,2
White_0 (344).jpg,White,0 (344),0.065079,9831435,3995,0.735715,2
White_0 (345).jpg,White,0 (345),0.065753,9948576,4873,0.736575,2
White_0 (346).jpg,White,0 (346),0.070339,10589968,4848,0.756633,2
White_0 (347).jpg,White,0 (347),0.079952,12222560,3952,0.774198,2
White_0 (348).jpg,White,0 (348),0.060336,9121814,5118,0.752041,2
White_0 (349).jpg,White,0 (349),0.042681,6456872,2960,0.685344,1
White_0 (35).jpg,White,0 (35),0.018601,2663225,1689,0.669019,0
White_0 (350).jpg,White,0 (350),0.049133,7323672,4850,0.724785,1
White_0 (351).jpg,White,0 (351),0.057725,8759774,4971,0.747307,2
White_0 (352).jpg,White,0 (352),0.057212,8573430,4738,0.744931,2
White_0 (353).jpg,White,0 (353),0.064206,9767129,4503,0.761729,2
White_0 (354).jpg,White,0 (354),0.076276,11551108,7826,0.802066,2
White_0 (355).jpg,White,0 (355),0.084314,12802815,8014,0.815273,2
White_0 (356).jpg,White,0 (356),0.062673,9527563,4478,0.739002,2
White_0 (357).jpg,White,0 (357),0.043537,6425990,3644,0.650284,1
White_0 (358).jpg,White,0 (358),0.032249,4612944,1501,0.561791,0
White_0 (359).jpg,White,0 (359),0.024185,3530424,1503,0.544843,0
White_0 (36).jpg,White,0 (36),0.032191,4965836,7899,0.765935,1
White_0 (360).jpg,White,0 (360),0.037548,5618546,2607,0.705554,1
White_0 (361).jpg,White,0 (361),0.043455,6571898,2527,0.726104,1
White_0 (362).jpg,White,0 (362),0.050906,7754107,3154,0.748076,1
White_0 (363).jpg,White,0 (363),0.058956,8921385,4250,0.790555,2
White_0 (364).jpg,White,0 (364),0.06102,9329493,4135,0.797158,2
White_0 (365).jpg,White,0 (365),0.069184,10504811,4290,0.80665,2
White_0 (366).jpg,White,0 (366),0.074205,11344511,4075,0.818781,2
White_0 (367).jpg,White,0 (367),0.057664,8746383,4192,0.755377,2
White_0 (368).jpg,White,0 (368),0.044484,6583403,2688,0.697214,1
White_0 (369).jpg,White,0 (369),0.040685,5935655,2691,0.693399,1
White_0 (37).jpg,White,0 (37),0.038952,6241283,8008,0.790155,1
White_0 (370).jpg,White,0 (370),0.047074,7104232,4676,0.721988,1
White_0 (371).jpg,White,0 (371),0.054851,8406769,5182,0.767106,2
White_0 (372).jpg,White,0 (372),0.062252,9584276,4565,0.77581,2
White_0 (373).jpg,White,0 (373),0.064859,9966440,4852,0.775956,2
White_0 (374).jpg,White,0 (374),0.048985,7346780,3753,0.716469,1
White_0 (375).jpg,White,0 (375),0.036064,5187134,1666,0.623883,1
White_0 (376).jpg,White,0 (376),0.03079,4411964,1568,0.591345,0
White_0 (377).jpg,White,0 (377),0.043057,6549241,3694,0.713465,1
White_0 (378).jpg,White,0 (378),0.052798,8019597,3879,0.758852,1
White_0 (379).jpg,White,0 (379),0.058178,9049635,5047,0.768991,2
White_0 (38).jpg,White,0 (38),0.02409,3657041,4477,0.682717,1
White_0 (380).jpg,White,0 (380),0.064268,10099666,3732,0.790272,2
White_0 (381).jpg,White,0 (381),0.076839,12116897,4388,0.826492,2
White_0 (382).jpg,White,0 (382),0.080814,12501582,4255,0.813609,2
White_0 (383).jpg,White,0 (383),0.086338,13298714,3755,0.818309,2
White_0 (384).jpg,White,0 (384),0.06915,10398814,2897,0.785843,2
White_0 (385).jpg,White,0 (385),0.047355,6887453,2893,0.676275,1
White_0 (386).jpg,White,0 (386),0.030416,4173153,674,0.546538,0
White_0 (387).jpg,White,0 (387),0.028994,3983224,800,0.525392,0
White_0 (388).jpg,White,0 (388),0.043391,6284615,3171,0.704669,1
White_0 (389).jpg,White,0 (389),0.047232,7017608,3332,0.693813,1
White_0 (39).jpg,White,0 (39),0.036953,5772599,4341,0.755638,1
White_0 (390).jpg,White,0 (390),0.051123,7677405,3039,0.713892,1
White_0 (391).jpg,White,0 (391),0.06327,9599019,8508,0.785028,2
White_0 (392).jpg,White,0 (392),0.064084,9774689,3255,0.780952,2
White_0 (393).jpg,White,0 (393),0.074676,11735528,4288,0.804943,2
White_0 (394).jpg,White,0 (394),0.075975,11778194,3583,0.798512,2
White_0 (395).jpg,White,0 (395),0.085524,13397973,5682,0.833061,2
White_0 (396).jpg,White,0 (396),0.089826,13765000,5614,0.854658,2
White_0 (397).jpg,White,0 (397),0.069474,10684035,3861,0.797382,2
White_0 (398).jpg,White,0 (398),0.059897,8946535,3395,0.750983,2
White_0 (399).jpg,White,0 (399),0.053318,7964580,3482,0.712524,1
White_0 (4).jpg,White,0 (4),0.019285,2930369,2049,0.667023,0
White_0 (40).jpg,White,0 (40),0.041441,6430775,4346,0.758955,1
White_0 (400).jpg,White,0 (400),0.041773,5950902,3174,0.63715,1
White_0 (401).jpg,White,0 (401),0.03554,4915846,1750,0.591867,0
White_0 (402).jpg,White,0 (402),0.0465,6475621,1796,0.704508,1
White_0 (403).jpg,White,0 (403),0.054064,7843792,4397,0.726984,1
White_0 (404).jpg,White,0 (404),0.060122,9028045,4358,0.742257,2
White_0 (405).jpg,White,0 (405),0.063802,9636368,4327,0.763537,2
White_0 (406).jpg,White,0 (406),0.0127,2081369,2301,0.787765,1
White_0 (407).jpg,White,0 (407),0.020566,3248897,2236,0.778622,1
White_0 (408).jpg,White,0 (408),0.025369,4053737,2245,0.786142,1
White_0 (409).jpg,White,0 (409),0.03633,5788836,3810,0.835882,1
White_0 (41).jpg,White,0 (41),0.053329,8212194,4298,0.787316,1
White_0 (410).jpg,White,0 (410),0.048971,7939186,3620,0.851281,1
White_0 (411).jpg,White,0 (411),0.059475,9618094,5337,0.867,2
White_0 (412).jpg,White,0 (412),0.066026,10633683,5448,0.87811,2
White_0 (413).jpg,White,0 (413),0.072068,11588694,4957,0.886371,2
White_0 (414).jpg,White,0 (414),0.076051,12338758,5189,0.890297,2
White_0 (415).jpg,White,0 (415),0.080883,12952304,6252,0.905154,2
White_0 (416).jpg,White,0 (416),0.080348,13027491,5645,0.888115,2
White_0 (417).jpg,White,0 (417),0.064264,10263293,4628,0.866224,2
White_0 (418).jpg,White,0 (418),0.050578,7955276,4330,0.845172,2
White_0 (419).jpg,White,0 (419),0.035242,5222878,2229,0.74953,1
White_0 (42).jpg,White,0 (42),0.033614,4846950,1973,0.651086,1
White_0 (420).jpg,White,0 (420),0.019709,2808810,1921,0.621119,0
White_0 (421).jpg,White,0 (421),0.014505,1950785,1000,0.579144,0
White_0 (422).jpg,White,0 (422),0.025285,3662117,4915,0.719049,1
White_0 (423).jpg,White,0 (423),0.035193,5290686,4798,0.775113,1
White_0 (424).jpg,White,0 (424),0.025201,3879451,5273,0.790398,1
White_0 (425).jpg,White,0 (425),0.054684,8547453,7034,0.843979,2
White_0 (426).jpg,White,0 (426),0.059068,9251048,6897,0.847493,2
White_0 (427).jpg,White,0 (427),0.063533,10026910,7237,0.862037,2
White_0 (428).jpg,White,0 (428),0.069102,10769312,7067,0.871067,2
White_0 (429).jpg,White,0 (429),0.075286,12019316,7418,0.874957,2
White_0 (43).jpg,White,0 (43),0.028768,4037128,2844,0.589032,0
White_0 (430).jpg,White,0 (430),0.077247,12286814,7243,0.881305,2
White_0 (431).jpg,White,0 (431),0.082207,13137194,6788,0.890763,2
White_0 (432).jpg,White,0 (432),0.088989,14109731,6904,0.893698,2
White_0 (433).jpg,White,0 (433),0.093148,14840852,6861,0.88838,2
White_0 (434).jpg,White,0 (434),0.094478,15020815,6763,0.887494,2
White_0 (435).jpg,White,0 (435),0.099408,15942102,7014,0.891479,2
White_0 (436).jpg,White,0 (436),0.097712,15179389,4070,0.863078,2
White_0 (437).jpg,White,0 (437),0.069765,10991723,3844,0.841481,2
White_0 (438).jpg,White,0 (438),0.060881,9440912,3908,0.813984,2
White_0 (439).jpg,White,0 (439),0.042758,6454547,3967,0.750647,1
White_0 (44).jpg,White,0 (44),0.022756,3067353,2182,0.500715,0
White_0 (440).jpg,White,0 (440),0.02927,4234381,2534,0.656905,1
White_0 (441).jpg,White,0 (441),0.021875,2937576,639,0.525248,0
White_0 (442).jpg,White,0 (442),0.015461,2150959,640,0.544529,0
White_0 (443).jpg,White,0 (443),0.025674,3896711,3621,0.664807,1
White_0 (444).jpg,White,0 (444),0.036899,5749092,4690,0.748397,1
White_0 (445).jpg,White,0 (445),0.047661,7730998,3563,0.791435,1
White_0 (446).jpg,White,0 (446),0.052979,8293279,3689,0.803052,2
White_0 (447).jpg,White,0 (447),0.058014,9144976,3531,0.813433,2
White_0 (448).jpg,White,0 (448),0.063179,10173822,5240,0.833322,2
White_0 (449).jpg,White,0 (449),0.068662,10939876,4975,0.845336,2
White_0 (45).jpg,White,0 (45),0.030996,4445097,2389,0.622103,0
White_0 (450).jpg,White,0 (450),0.076347,12036881,5185,0.855346,2
White_0 (451).jpg,White,0 (451),0.055788,8652666,4281,0.793014,2
White_0 (452).jpg,White,0 (452),0.041503,5989143,2712,0.672514,1
White_0 (453).jpg,White,0 (453),0.032326,4614870,3085,0.619932,0
White_0 (454).jpg,White,0 (454),0.043619,6584737,5209,0.707878,1
White_0 (455).jpg,White,0 (455),0.051813,8082747,9551,0.765555,1
White_0 (456).jpg,White,0 (456),0.056768,8865345,9504,0.788998,2
White_0 (457).jpg,White,0 (457),0.060916,9605036,9411,0.799519,2
White_0 (458).jpg,White,0 (458),0.063299,9772277,9672,0.817008,2
White_0 (459).jpg,White,0 (459),0.04635,6795509,8446,0.700744,1
White_0 (46).jpg,White,0 (46),0.031079,4458532,2118,0.632253,0
White_0 (460).jpg,White,0 (460),0.041532,5933727,2921,0.642805,1
White_0 (461).jpg,White,0 (461),0.046388,6786887,4201,0.678791,1
White_0 (462).jpg,White,0 (462),0.051202,7675805,4232,0.715288,1
White_0 (463).jpg,White,0 (463),0.056206,8503551,4389,0.732447,1
White_0 (464).jpg,White,0 (464),0.060839,9263988,4684,0.775794,2
White_0 (465).jpg,White,0 (465),0.063713,9804680,4590,0.777581,2
White_0 (466).jpg,White,0 (466),0.047904,7155331,4985,0.719534,1
White_0 (467).jpg,White,0 (467),0.037228,5438143,3161,0.657903,1
White_0 (468).jpg,White,0 (468),0.05428,8148155,6864,0.759535,1
White_0 (469).jpg,White,0 (469),0.0587,8956528,7506,0.773541,2
White_0 (47).jpg,White,0 (47),0.044677,6730072,4664,0.718245,1
White_0 (470).jpg,White,0 (470),0.070729,11072723,8282,0.840758,2
White_0 (471).jpg,White,0 (471),0.073076,11234800,7085,0.822843,2
White_0 (472).jpg,White,0 (472),0.077151,11997801,6852,0.833057,2
White_0 (473).jpg,White,0 (473),0.082398,13119012,6643,0.835682,2
White_0 (474).jpg,White,0 (474),0.087337,13748449,6624,0.839955,2
White_0 (475).jpg,White,0 (475),0.078632,12146793,4605,0.811873,2
White_0 (476).jpg,White,0 (476),0.053561,7918164,2987,0.707285,1
White_0 (477).jpg,White,0 (477),0.040253,5943285,3040,0.694881,1
White_0 (478).jpg,White,0 (478),0.05091,7587890,6849,0.737228,1
White_0 (479).jpg,White,0 (479),0.064411,9975693,5007,0.796533,2
White_0 (48).jpg,White,0 (48),0.049191,7472679,4651,0.752371,1
White_0 (480).jpg,White,0 (480),0.073459,11318341,4841,0.814018,2
White_0 (481).jpg,White,0 (481),0.060363,9110065,4214,0.740702,2
White_0 (482).jpg,White,0 (482),0.048912,7139932,3116,0.682499,1
White_0 (483).jpg,White,0 (483),0.060178,8940417,5935,0.704309,2
White_0 (484).jpg,White,0 (484),0.065428,9659322,5975,0.735597,2
White_0 (485).jpg,White,0 (485),0.071291,10679241,5860,0.763995,2
White_0 (486).jpg,White,0 (486),0.080203,12156338,5971,0.777352,2
White_0 (487).jpg,White,0 (487),0.08938,13606388,5826,0.797931,2
White_0 (488).jpg,White,0 (488),0.098615,15155265,4249,0.840368,2
White_0 (489).jpg,White,0 (489),0.102687,15575231,6772,0.81953,2
White_0 (49).jpg,White,0 (49),0.056387,8697262,5077,0.765212,2
White_0 (490).jpg,White,0 (490),0.103193,15841471,6720,0.825579,2
White_0 (491).jpg,White,0 (491),0.105334,16067202,6634,0.829093,2
White_0 (492).jpg,White,0 (492),0.083775,12889167,7054,0.802155,2
White_0 (493).jpg,White,0 (493),0.062331,9376748,3325,0.737031,2
White_0 (494).jpg,White,0 (494),0.037777,5534263,3530,0.672842,1
White_0 (495).jpg,White,0 (495),0.032411,4764622,2303,0.659223,1
White_0 (496).jpg,White,0 (496),0.029019,4433234,3166,0.662765,1
White_0 (497).jpg,White,0 (497),0.018009,2579972,2965,0.623787,0
White_0 (498).jpg,White,0 (498),0.009319,1202992,418,0.364928,0
White_0 (499).jpg,White,0 (499),0.007651,984277,334,0.36704,0
White_0 (5).jpg,White,0 (5),0.013248,1729635,979,0.453764,0
White_0 (50).jpg,White,0 (50),0.06213,9545024,5148,0.794583,2
White_0 (500).jpg,White,0 (500),0.003596,456333,342,0.277007,0
White_0 (51).jpg,White,0 (51),0.045173,6716018,2282,0.719056,1
White_0 (52).jpg,White,0 (52),0.042363,6110063,2955,0.67663,1
White_0 (53).jpg,White,0 (53),0.030398,4171399,1362,0.563127,0
White_0 (54).jpg,White,0 (54),0.025506,3359576,1065,0.527865,0
White_0 (55).jpg,White,0 (55),0.023556,2997999,756,0.46718,0
White_0 (56).jpg,White,0 (56),0.019647,2563715,634,0.499144,0
White_0 (57).jpg,White,0 (57),0.016328,2126440,802,0.520534,0
White_0 (58).jpg,White,0 (58),0.011731,1496888,538,0.477292,0
White_0 (59).jpg,White,0 (59),0.010525,1339758,572,0.437938,0
White_0 (6).jpg,White,0 (6),0.020518,2877437,1871,0.655244,0
White_0 (60).jpg,White,0 (60),0.009271,1204443,563,0.46243,0
White_0 (61).jpg,White,0 (61),0.007358,928431,668,0.501548,0
White_0 (62).jpg,White,0 (62),0.005975,761565,408,0.445251,0
White_0 (63).jpg,White,0 (63),0.016618,2607498,4191,0.712439,1
White_0 (64).jpg,White,0 (64),0.036108,5620011,4389,0.788833,1
White_0 (65).jpg,White,0 (65),0.047469,7309117,4174,0.801404,1
White_0 (66).jpg,White,0 (66),0.059127,9241796,4313,0.80606,2
White_0 (67).jpg,White,0 (67),0.044403,6696039,4782,0.809198,1
White_0 (68).jpg,White,0 (68),0.035219,5153493,2821,0.74752,1
White_0 (69).jpg,White,0 (69),0.02512,3475412,1625,0.627144,0
White_0 (7).jpg,White,0 (7),0.033371,5264704,2982,0.762868,1
White_0 (70).jpg,White,0 (70),0.018927,2429162,1064,0.50215,0
White_0 (71).jpg,White,0 (71),0.015079,1928126,758,0.506152,0
White_0 (72).jpg,White,0 (72),0.012577,1642960,598,0.504184,0
White_0 (73).jpg,White,0 (73),0.00908,1178728,334,0.381214,0
White_0 (74).jpg,White,0 (74),0.006272,769356,352,0.347924,0
White_0 (75).jpg,White,0 (75),0.011088,1454540,684,0.526666,0
White_0 (76).jpg,White,0 (76),0.022899,3195030,2430,0.679113,1
White_0 (77).jpg,White,0 (77),0.03283,4940109,4756,0.739523,1
White_0 (78).jpg,White,0 (78),0.041555,6467529,4775,0.758806,1
White_0 (79).jpg,White,0 (79),0.04622,7076970,4737,0.743873,1
White_0 (8).jpg,White,0 (8),0.041519,6395360,2679,0.780054,1
White_0 (80).jpg,White,0 (80),0.050571,7667899,4633,0.756104,1
White_0 (81).jpg,White,0 (81),0.034021,4876147,1989,0.658768,1
White_0 (82).jpg,White,0 (82),0.031252,4330158,1110,0.623915,0
White_0 (83).jpg,White,0 (83),0.022008,3056254,1062,0.611152,0
White_0 (84).jpg,White,0 (84),0.018864,2571889,966,0.59189,0
White_0 (85).jpg,White,0 (85),0.012879,1622341,1013,0.43424,0
White_0 (86).jpg,White,0 (86),0.009032,1067762,334,0.311749,0
White_0 (87).jpg,White,0 (87),0.006808,812681,336,0.303156,0
White_0 (88).jpg,White,0 (88),0.006321,751036,319,0.258541,0
White_0 (89).jpg,White,0 (89),0.004557,523866,254,0.232143,0
White_0 (9).jpg,White,0 (9),0.04525,7268420,3010,0.783679,1
White_0 (90).jpg,White,0 (90),0.014717,2323055,1788,0.682814,0
White_0 (91).jpg,White,0 (91),0.022599,3637467,1629,0.735296,1
White_0 (92).jpg,White,0 (92),0.028998,4631805,4164,0.761796,1
White_0 (93).jpg,White,0 (93),0.034164,5565045,3557,0.776218,1
White_0 (94).jpg,White,0 (94),0.041768,6776013,3574,0.79243,1
White_0 (95).jpg,White,0 (95),0.046229,7380458,3538,0.789907,1
White_0 (96).jpg,White,0 (96),0.046979,7494140,3568,0.777947,1
White_0 (97).jpg,White,0 (97),0.050634,8078230,3378,0.780345,1
White_0 (98).jpg,White,0 (98),0.053049,8362611,3093,0.770832,1
White_0 (99).jpg,White,0 (99),0.057477,9084710,3849,0.765249,2
Yellow_0 (1).jpg,Yellow,0 (1),0.058189,10693352,2235,0.755869,2
Yellow_0 (10).jpg,Yellow,0 (10),0.034092,6267302,2881,0.717114,1
Yellow_0 (100).jpg,Yellow,0 (100),0.031159,5759938,2505,0.654687,1
Yellow_0 (101).jpg,Yellow,0 (101),0.040831,7480076,2507,0.700053,1
Yellow_0 (102).jpg,Yellow,0 (102),0.040636,7522489,2458,0.69717,1
Yellow_0 (103).jpg,Yellow,0 (103),0.047044,8803476,2437,0.706661,1
Yellow_0 (104).jpg,Yellow,0 (104),0.052284,9533400,2331,0.728692,1
Yellow_0 (105).jpg,Yellow,0 (105),0.021374,3912638,1753,0.654381,0
Yellow_0 (106).jpg,Yellow,0 (106),0.025259,4687631,1733,0.68637,1
Yellow_0 (107).jpg,Yellow,0 (107),0.031263,5792277,1922,0.731501,1
Yellow_0 (108).jpg,Yellow,0 (108),0.037132,6966000,4522,0.752374,1
Yellow_0 (109).jpg,Yellow,0 (109),0.040506,7619452,4684,0.757193,1
Yellow_0 (11).jpg,Yellow,0 (11),0.048294,8864433,7919,0.761436,1
Yellow_0 (110).jpg,Yellow,0 (110),0.057564,10902364,4707,0.791484,2
Yellow_0 (111).jpg,Yellow,0 (111),0.036944,6818165,3622,0.711848,1
Yellow_0 (112).jpg,Yellow,0 (112),0.048304,9129342,3620,0.742772,1
Yellow_0 (113).jpg,Yellow,0 (113),0.05528,10595874,3547,0.760315,2
Yellow_0 (114).jpg,Yellow,0 (114),0.060167,11344393,3429,0.773922,2
Yellow_0 (115).jpg,Yellow,0 (115),0.044304,8379273,3587,0.737112,1
Yellow_0 (116).jpg,Yellow,0 (116),0.020809,3737513,792,0.593962,0
Yellow_0 (117).jpg,Yellow,0 (117),0.032466,6040982,3105,0.676816,1
Yellow_0 (118).jpg,Yellow,0 (118),0.040053,7631949,3273,0.711673,1
Yellow_0 (119).jpg,Yellow,0 (119),0.020668,3417278,1097,0.612348,0
Yellow_0 (12).jpg,Yellow,0 (12),0.053122,9920631,7878,0.781952,2
Yellow_0 (120).jpg,Yellow,0 (120),0.027697,4863777,3235,0.715075,1
Yellow_0 (121).jpg,Yellow,0 (121),0.031211,5607979,3234,0.728202,1
Yellow_0 (122).jpg,Yellow,0 (122),0.0408,7350340,3197,0.764368,1
Yellow_0 (123).jpg,Yellow,0 (123),0.04635,8471024,3668,0.779286,1
Yellow_0 (124).jpg,Yellow,0 (124),0.048716,8985513,3613,0.779206,1
Yellow_0 (125).jpg,Yellow,0 (125),0.045312,8681787,5454,0.777395,1
Yellow_0 (126).jpg,Yellow,0 (126),0.051425,9670849,5383,0.782858,2
Yellow_0 (127).jpg,Yellow,0 (127),0.055993,10631287,5399,0.788171,2
Yellow_0 (128).jpg,Yellow,0 (128),0.037556,6939125,2200,0.708829,1
Yellow_0 (129).jpg,Yellow,0 (129),0.023216,4146171,1715,0.641101,0
Yellow_0 (13).jpg,Yellow,0 (13),0.058696,11005324,7933,0.798517,2
Yellow_0 (130).jpg,Yellow,0 (130),0.028389,5344843,4683,0.685434,1
Yellow_0 (131).jpg,Yellow,0 (131),0.038354,7230509,4686,0.732509,1
Yellow_0 (132).jpg,Yellow,0 (132),0.034276,6471511,3839,0.766659,1
Yellow_0 (133).jpg,Yellow,0 (133),0.020258,3653004,1804,0.646277,0
Yellow_0 (134).jpg,Yellow,0 (134),0.011245,1969400,371,0.473512,0
Yellow_0 (135).jpg,Yellow,0 (135),0.023192,4492193,5701,0.677786,1
Yellow_0 (136).jpg,Yellow,0 (136),0.031003,6067560,5783,0.74804,1
Yellow_0 (137).jpg,Yellow,0 (137),0.035464,6930159,5689,0.769826,1
Yellow_0 (138).jpg,Yellow,0 (138),0.015747,2758207,695,0.484289,0
Yellow_0 (139).jpg,Yellow,0 (139),0.055557,10474428,2765,0.796098,2
Yellow_0 (14).jpg,Yellow,0 (14),0.040126,7139442,1727,0.668929,1
Yellow_0 (140).jpg,Yellow,0 (140),0.065125,12278602,3988,0.819257,2
Yellow_0 (141).jpg,Yellow,0 (141),0.027919,5058108,2490,0.666848,1
Yellow_0 (142).jpg,Yellow,0 (142),0.041915,7846046,4839,0.735173,1
Yellow_0 (143).jpg,Yellow,0 (143),0.051496,9717093,5500,0.783076,2
Yellow_0 (144).jpg,Yellow,0 (144),0.06281,11977467,6490,0.820544,2
Yellow_0 (145).jpg,Yellow,0 (145),0.071225,13192269,6527,0.822885,2
Yellow_0 (146).jpg,Yellow,0 (146),0.032021,5756937,1674,0.680594,1
Yellow_0 (147).jpg,Yellow,0 (147),0.045323,8466492,7115,0.7661,1
Yellow_0 (148).jpg,Yellow,0 (148),0.054867,10407176,8213,0.796203,2
Yellow_0 (149).jpg,Yellow,0 (149),0.070903,13252163,8207,0.803364,2
Yellow_0 (15).jpg,Yellow,0 (15),0.04978,9076717,2202,0.710661,1
Yellow_0 (150).jpg,Yellow,0 (150),0.067964,12615108,7917,0.793968,2
Yellow_0 (151).jpg,Yellow,0 (151),0.037949,6888007,1919,0.704638,1
Yellow_0 (152).jpg,Yellow,0 (152),0.025561,4517239,1126,0.648852,0
Yellow_0 (153).jpg,Yellow,0 (153),0.04219,8026924,6793,0.740831,1
Yellow_0 (154).jpg,Yellow,0 (154),0.05184,9613815,6960,0.759942,2
Yellow_0 (155).jpg,Yellow,0 (155),0.020718,3610189,1004,0.563109,0
Yellow_0 (156).jpg,Yellow,0 (156),0.016204,2747556,896,0.540846,0
Yellow_0 (157).jpg,Yellow,0 (157),0.025359,4751117,4787,0.684823,1
Yellow_0 (158).jpg,Yellow,0 (158),0.039349,7408532,4871,0.748208,1
Yellow_0 (159).jpg,Yellow,0 (159),0.050981,9633299,4857,0.787523,2
Yellow_0 (16).jpg,Yellow,0 (16),0.057509,10655191,3176,0.742887,2
Yellow_0 (160).jpg,Yellow,0 (160),0.04839,9157867,4698,0.787515,2
Yellow_0 (161).jpg,Yellow,0 (161),0.059511,11192299,4747,0.812818,2
Yellow_0 (162).jpg,Yellow,0 (162),0.03809,6905501,2577,0.700604,1
Yellow_0 (163).jpg,Yellow,0 (163),0.01599,2777765,1261,0.519951,0
Yellow_0 (164).jpg,Yellow,0 (164),0.02726,5043604,1620,0.66676,1
Yellow_0 (165).jpg,Yellow,0 (165),0.038217,7218696,1687,0.753726,1
Yellow_0 (166).jpg,Yellow,0 (166),0.044211,8253666,2268,0.767849,1
Yellow_0 (167).jpg,Yellow,0 (167),0.050978,9649884,8079,0.794151,2
Yellow_0 (168).jpg,Yellow,0 (168),0.062741,11905371,6982,0.807686,2
Yellow_0 (169).jpg,Yellow,0 (169),0.069129,13098327,8541,0.825692,2
Yellow_0 (17).jpg,Yellow,0 (17),0.074822,13670332,3509,0.782209,2
Yellow_0 (170).jpg,Yellow,0 (170),0.069535,13141077,5574,0.812322,2
Yellow_0 (171).jpg,Yellow,0 (171),0.045052,8301369,2263,0.711537,1
Yellow_0 (172).jpg,Yellow,0 (172),0.029306,5232039,1754,0.652547,1
Yellow_0 (173).jpg,Yellow,0 (173),0.01856,3244113,2032,0.581701,0
Yellow_0 (174).jpg,Yellow,0 (174),0.03057,5766034,5235,0.705605,1
Yellow_0 (175).jpg,Yellow,0 (175),0.036827,6956109,5220,0.712375,1
Yellow_0 (176).jpg,Yellow,0 (176),0.046842,8759657,6378,0.759787,1
Yellow_0 (177).jpg,Yellow,0 (177),0.046385,8844826,6421,0.750304,1
Yellow_0 (178).jpg,Yellow,0 (178),0.033447,5988896,1995,0.670365,1
Yellow_0 (179).jpg,Yellow,0 (179),0.044335,8298901,5873,0.712573,1
Yellow_0 (18).jpg,Yellow,0 (18),0.049186,8879013,2664,0.714008,1
Yellow_0 (180).jpg,Yellow,0 (180),0.047509,8903095,5799,0.7315,1
Yellow_0 (181).jpg,Yellow,0 (181),0.051135,9450176,5701,0.751411,2
Yellow_0 (182).jpg,Yellow,0 (182),0.06235,11617430,2924,0.78062,2
Yellow_0 (183).jpg,Yellow,0 (183),0.050023,9110517,2696,0.71762,1
Yellow_0 (184).jpg,Yellow,0 (184),0.05665,10557864,2827,0.739489,2
Yellow_0 (185).jpg,Yellow,0 (185),0.060552,11241572,2723,0.746349,2
Yellow_0 (186).jpg,Yellow,0 (186),0.048518,9000986,3499,0.765935,1
Yellow_0 (187).jpg,Yellow,0 (187),0.031885,5744404,2247,0.688787,1
Yellow_0 (188).jpg,Yellow,0 (188),0.04046,7536178,2096,0.728599,1
Yellow_0 (189).jpg,Yellow,0 (189),0.047959,8851838,3028,0.740741,1
Yellow_0 (19).jpg,Yellow,0 (19),0.033619,5968606,1684,0.60304,1
Yellow_0 (190).jpg,Yellow,0 (190),0.052935,9819081,2917,0.745311,2
Yellow_0 (191).jpg,Yellow,0 (191),0.024207,4312487,1082,0.611054,0
Yellow_0 (192).jpg,Yellow,0 (192),0.033352,6246488,5539,0.689267,1
Yellow_0 (193).jpg,Yellow,0 (193),0.042003,7812286,5638,0.72449,1
Yellow_0 (194).jpg,Yellow,0 (194),0.046834,8744586,5315,0.754112,1
Yellow_0 (195).jpg,Yellow,0 (195),0.057768,10632049,5207,0.782997,2
Yellow_0 (196).jpg,Yellow,0 (196),0.04251,7772535,3901,0.750645,1
Yellow_0 (197).jpg,Yellow,0 (197),0.056675,10635821,4957,0.781628,2
Yellow_0 (198).jpg,Yellow,0 (198),0.06307,11965993,8718,0.794013,2
Yellow_0 (199).jpg,Yellow,0 (199),0.042528,7728254,2243,0.71437,1
Yellow_0 (2).jpg,Yellow,0 (2),0.060442,11331872,2578,0.747913,2
Yellow_0 (20).jpg,Yellow,0 (20),0.023165,3997626,1708,0.609818,0
Yellow_0 (200).jpg,Yellow,0 (200),0.04883,9015867,2185,0.733456,1
Yellow_0 (21).jpg,Yellow,0 (21),0.035291,6452662,1754,0.690598,1
Yellow_0 (22).jpg,Yellow,0 (22),0.050426,9434008,7527,0.768704,2
Yellow_0 (23).jpg,Yellow,0 (23),0.052011,9608476,7520,0.761,2
Yellow_0 (24).jpg,Yellow,0 (24),0.06644,12226486,7362,0.793503,2
Yellow_0 (25).jpg,Yellow,0 (25),0.04789,8790362,2464,0.739889,1
Yellow_0 (26).jpg,Yellow,0 (26),0.032537,5887939,2439,0.688888,1
Yellow_0 (27).jpg,Yellow,0 (27),0.015318,2646385,721,0.594531,0
Yellow_0 (28).jpg,Yellow,0 (28),0.02685,5118224,2487,0.744272,1
Yellow_0 (29).jpg,Yellow,0 (29),0.036809,7078487,6333,0.770893,1
Yellow_0 (3).jpg,Yellow,0 (3),0.061688,11490749,2552,0.755558,2
Yellow_0 (30).jpg,Yellow,0 (30),0.048659,9198808,6300,0.805972,2
Yellow_0 (31).jpg,Yellow,0 (31),0.05587,10427421,6292,0.814818,2
Yellow_0 (32).jpg,Yellow,0 (32),0.062189,11593643,6224,0.815993,2
Yellow_0 (33).jpg,Yellow,0 (33),0.044255,8112698,2508,0.736864,1
Yellow_0 (34).jpg,Yellow,0 (34),0.031054,5640855,1817,0.661204,1
Yellow_0 (35).jpg,Yellow,0 (35),0.023062,4186928,2484,0.6252,0
Yellow_0 (36).jpg,Yellow,0 (36),0.017033,3073160,1622,0.637979,0
Yellow_0 (37).jpg,Yellow,0 (37),0.021858,4062130,1667,0.687004,1
Yellow_0 (38).jpg,Yellow,0 (38),0.051303,9627842,5598,0.806751,2
Yellow_0 (39).jpg,Yellow,0 (39),0.048126,9082701,4217,0.773634,1
Yellow_0 (4).jpg,Yellow,0 (4),0.049009,9139352,2186,0.733877,1
Yellow_0 (40).jpg,Yellow,0 (40),0.057327,10900680,4085,0.786024,2
Yellow_0 (41).jpg,Yellow,0 (41),0.065667,12493884,3975,0.799104,2
Yellow_0 (42).jpg,Yellow,0 (42),0.065768,12420723,3821,0.790322,2
Yellow_0 (43).jpg,Yellow,0 (43),0.041592,7671306,2400,0.744515,1
Yellow_0 (44).jpg,Yellow,0 (44),0.027981,5072926,1889,0.70361,1
Yellow_0 (45).jpg,Yellow,0 (45),0.038809,7318823,4131,0.762819,1
Yellow_0 (46).jpg,Yellow,0 (46),0.044607,8379546,4000,0.779591,1
Yellow_0 (47).jpg,Yellow,0 (47),0.044531,8215550,3933,0.764815,1
Yellow_0 (48).jpg,Yellow,0 (48),0.048972,9187335,3995,0.780892,2
Yellow_0 (49).jpg,Yellow,0 (49),0.065084,12208044,3967,0.800237,2
Yellow_0 (5).jpg,Yellow,0 (5),0.063265,11829516,3908,0.773982,2
Yellow_0 (50).jpg,Yellow,0 (50),0.069261,13070470,3904,0.811064,2
Yellow_0 (51).jpg,Yellow,0 (51),0.059219,11089920,3545,0.764622,2
Yellow_0 (52).jpg,Yellow,0 (52),0.043021,8009057,2921,0.729394,1
Yellow_0 (53).jpg,Yellow,0 (53),0.025368,4525122,1213,0.664528,1
Yellow_0 (54).jpg,Yellow,0 (54),0.036037,6768692,3832,0.743015,1
Yellow_0 (55).jpg,Yellow,0 (55),0.043866,8072739,3791,0.75645,1
Yellow_0 (56).jpg,Yellow,0 (56),0.0479,9138419,3728,0.757028,1
Yellow_0 (57).jpg,Yellow,0 (57),0.053355,10088580,3711,0.769279,2
Yellow_0 (58).jpg,Yellow,0 (58),0.057828,10970198,5243,0.799358,2
Yellow_0 (59).jpg,Yellow,0 (59),0.060627,11470268,5187,0.800014,2
Yellow_0 (6).jpg,Yellow,0 (6),0.072262,13356728,4343,0.7946,2
Yellow_0 (60).jpg,Yellow,0 (60),0.067791,12593077,5697,0.814873,2
Yellow_0 (61).jpg,Yellow,0 (61),0.068901,13015531,5586,0.809336,2
Yellow_0 (62).jpg,Yellow,0 (62),0.06837,12914329,5567,0.806126,2
Yellow_0 (63).jpg,Yellow,0 (63),0.06886,13055030,5423,0.80763,2
Yellow_0 (64).jpg,Yellow,0 (64),0.046775,8794525,4244,0.755312,1
Yellow_0 (65).jpg,Yellow,0 (65),0.025998,4692370,1450,0.669032,1
Yellow_0 (66).jpg,Yellow,0 (66),0.03269,6146845,3835,0.703953,1
Yellow_0 (67).jpg,Yellow,0 (67),0.039619,7498546,3754,0.746583,1
Yellow_0 (68).jpg,Yellow,0 (68),0.04754,9072425,4666,0.772762,1
Yellow_0 (69).jpg,Yellow,0 (69),0.050221,9468584,4601,0.780896,2
Yellow_0 (7).jpg,Yellow,0 (7),0.055636,10109160,3788,0.75038,2
Yellow_0 (70).jpg,Yellow,0 (70),0.058404,10971568,6536,0.782332,2
Yellow_0 (71).jpg,Yellow,0 (71),0.056507,10761556,4116,0.780517,2
Yellow_0 (72).jpg,Yellow,0 (72),0.060794,11420889,5596,0.775541,2
Yellow_0 (73).jpg,Yellow,0 (73),0.046221,8550174,1610,0.71721,1
Yellow_0 (74).jpg,Yellow,0 (74),0.036399,6786669,1648,0.700492,1
Yellow_0 (75).jpg,Yellow,0 (75),0.023279,4175687,1182,0.625804,0
Yellow_0 (76).jpg,Yellow,0 (76),0.032211,5985102,2884,0.699353,1
Yellow_0 (77).jpg,Yellow,0 (77),0.034938,6591998,2974,0.721016,1
Yellow_0 (78).jpg,Yellow,0 (78),0.040323,7560503,5141,0.74517,1
Yellow_0 (79).jpg,Yellow,0 (79),0.050579,9544722,5068,0.780066,2
Yellow_0 (8).jpg,Yellow,0 (8),0.031377,5583857,2231,0.656292,1
Yellow_0 (80).jpg,Yellow,0 (80),0.062128,11449439,5098,0.804268,2
Yellow_0 (81).jpg,Yellow,0 (81),0.030625,5704594,1698,0.651467,1
Yellow_0 (82).jpg,Yellow,0 (82),0.040947,7777548,2318,0.696611,1
Yellow_0 (83).jpg,Yellow,0 (83),0.044714,8381916,2317,0.71588,1
Yellow_0 (84).jpg,Yellow,0 (84),0.051115,9762261,4635,0.735756,2
Yellow_0 (85).jpg,Yellow,0 (85),0.056941,10780982,4585,0.747127,2
Yellow_0 (86).jpg,Yellow,0 (86),0.060909,11500219,4608,0.77274,2
Yellow_0 (87).jpg,Yellow,0 (87),0.073543,13766134,4661,0.790873,2
Yellow_0 (88).jpg,Yellow,0 (88),0.045576,8469613,2409,0.740876,1
Yellow_0 (89).jpg,Yellow,0 (89),0.025257,4520302,1443,0.641878,0
Yellow_0 (9).jpg,Yellow,0 (9),0.022933,3957295,1236,0.635439,0
Yellow_0 (90).jpg,Yellow,0 (90),0.020065,3616838,1451,0.617673,0
Yellow_0 (91).jpg,Yellow,0 (91),0.035649,6839683,3346,0.739849,1
Yellow_0 (92).jpg,Yellow,0 (92),0.038382,7265031,3518,0.728126,1
Yellow_0 (93).jpg,Yellow,0 (93),0.045113,8706753,3756,0.766259,1
Yellow_0 (94).jpg,Yellow,0 (94),0.047323,8872229,3977,0.761012,1
Yellow_0 (95).jpg,Yellow,0 (95),0.05164,9794834,3921,0.776533,2
Yellow_0 (96).jpg,Yellow,0 (96),0.059845,11201900,3669,0.785216,2
Yellow_0 (97).jpg,Yellow,0 (97),0.058662,11088274,3642,0.78477,2
Yellow_0 (98).jpg,Yellow,0 (98),0.041527,7601935,3172,0.698989,1
Yellow_0 (99).jpg,Yellow,0 (99),0.02786,4857756,1434,0.630122,0
Yellow_13mm (1).jpg,Yellow,13mm (1),0.026112,2941330,19904,0.89732,3
Yellow_13mm (10).jpg,Yellow,13mm (10),0.046591,6687940,22197,0.726652,3
Yellow_13mm (100).jpg,Yellow,13mm (100),0.059916,8971795,24470,0.773574,3
Yellow_13mm (11).jpg,Yellow,13mm (11),0.048301,7033511,22145,0.723188,3
Yellow_13mm (12).jpg,Yellow,13mm (12),0.051388,8078383,11435,0.735573,1
Yellow_13mm (13).jpg,Yellow,13mm (13),0.051146,7600752,11550,0.724499,1
Yellow_13mm (14).jpg,Yellow,13mm (14),0.046431,6128003,23908,0.733051,3
Yellow_13mm (15).jpg,Yellow,13mm (15),0.041641,5501712,24523,0.81934,3
Yellow_13mm (16).jpg,Yellow,13mm (16),0.038508,4786927,26398,0.84026,3
Yellow_13mm (17).jpg,Yellow,13mm (17),0.040461,5765154,10129,0.800129,1
Yellow_13mm (18).jpg,Yellow,13mm (18),0.045275,6973130,10310,0.800024,1
Yellow_13mm (19).jpg,Yellow,13mm (19),0.046981,7672035,10160,0.810938,1
Yellow_13mm (2).jpg,Yellow,13mm (2),0.041545,6095334,28409,0.918434,3
Yellow_13mm (20).jpg,Yellow,13mm (20),0.054555,8828200,10058,0.795079,2
Yellow_13mm (21).jpg,Yellow,13mm (21),0.05654,9299904,9939,0.806379,2
Yellow_13mm (22).jpg,Yellow,13mm (22),0.05805,9722905,9977,0.805024,2
Yellow_13mm (23).jpg,Yellow,13mm (23),0.054798,8115152,10271,0.780979,2
Yellow_13mm (24).jpg,Yellow,13mm (24),0.047245,6759133,10668,0.770974,1
Yellow_13mm (25).jpg,Yellow,13mm (25),0.045363,6111841,24736,0.748296,3
Yellow_13mm (26).jpg,Yellow,13mm (26),0.042448,5552041,26489,0.780854,3
Yellow_13mm (27).jpg,Yellow,13mm (27),0.045511,6631006,13297,0.781179,3
Yellow_13mm (28).jpg,Yellow,13mm (28),0.048121,7436139,12951,0.791287,3
Yellow_13mm (29).jpg,Yellow,13mm (29),0.051936,8027934,12696,0.779062,3
Yellow_13mm (3).jpg,Yellow,13mm (3),0.050826,7946303,12676,0.876988,3
Yellow_13mm (30).jpg,Yellow,13mm (30),0.055192,8780217,12846,0.794082,2
Yellow_13mm (31).jpg,Yellow,13mm (31),0.057542,9129185,12619,0.792272,2
Yellow_13mm (32).jpg,Yellow,13mm (32),0.055486,8026906,25062,0.785376,3
Yellow_13mm (33).jpg,Yellow,13mm (33),0.049907,6929646,25935,0.782341,3
Yellow_13mm (34).jpg,Yellow,13mm (34),0.042981,5842745,25615,0.805736,3
Yellow_13mm (35).jpg,Yellow,13mm (35),0.046799,6813332,11207,0.760213,1
Yellow_13mm (36).jpg,Yellow,13mm (36),0.050978,8081025,11361,0.798301,2
Yellow_13mm (37).jpg,Yellow,13mm (37),0.054094,8963671,11318,0.817203,2
Yellow_13mm (38).jpg,Yellow,13mm (38),0.057092,9386962,11168,0.800175,2
Yellow_13mm (39).jpg,Yellow,13mm (39),0.053997,8446864,20940,0.814766,3
Yellow_13mm (4).jpg,Yellow,13mm (4),0.056704,9185129,12600,0.840273,2
Yellow_13mm (40).jpg,Yellow,13mm (40),0.051208,7492432,23868,0.805692,3
Yellow_13mm (41).jpg,Yellow,13mm (41),0.04629,6312225,26065,0.795176,3
Yellow_13mm (42).jpg,Yellow,13mm (42),0.043256,5816748,25731,0.795384,3
Yellow_13mm (43).jpg,Yellow,13mm (43),0.046902,6499074,24430,0.792805,3
Yellow_13mm (44).jpg,Yellow,13mm (44),0.046902,6723792,22061,0.787114,3
Yellow_13mm (45).jpg,Yellow,13mm (45),0.050735,7584053,22324,0.815343,3
Yellow_13mm (46).jpg,Yellow,13mm (46),0.043149,5424138,27036,0.814942,3
Yellow_13mm (47).jpg,Yellow,13mm (47),0.045723,6479070,25952,0.817837,3
Yellow_13mm (48).jpg,Yellow,13mm (48),0.045933,6711646,16548,0.796372,3
Yellow_13mm (49).jpg,Yellow,13mm (49),0.049748,7831592,15107,0.804593,3
Yellow_13mm (5).jpg,Yellow,13mm (5),0.056849,9195384,11318,0.827226,2
Yellow_13mm (50).jpg,Yellow,13mm (50),0.053802,8919036,8139,0.81488,2
Yellow_13mm (51).jpg,Yellow,13mm (51),0.049435,7761484,11423,0.828267,2
Yellow_13mm (52).jpg,Yellow,13mm (52),0.051145,8384669,8367,0.810268,2
Yellow_13mm (53).jpg,Yellow,13mm (53),0.056941,9310585,8175,0.806048,2
Yellow_13mm (54).jpg,Yellow,13mm (54),0.051165,7560898,14111,0.794376,3
Yellow_13mm (55).jpg,Yellow,13mm (55),0.047336,6727228,24683,0.792413,3
Yellow_13mm (56).jpg,Yellow,13mm (56),0.050897,7712136,14203,0.790458,3
Yellow_13mm (57).jpg,Yellow,13mm (57),0.0573,8891284,22086,0.790448,3
Yellow_13mm (58).jpg,Yellow,13mm (58),0.060358,9589001,12885,0.788049,2
Yellow_13mm (59).jpg,Yellow,13mm (59),0.054657,7702267,26202,0.775113,3
Yellow_13mm (6).jpg,Yellow,13mm (6),0.051411,7380305,26685,0.809477,3
Yellow_13mm (60).jpg,Yellow,13mm (60),0.049548,6779327,26348,0.777019,3
Yellow_13mm (61).jpg,Yellow,13mm (61),0.041747,5527092,26425,0.808286,3
Yellow_13mm (62).jpg,Yellow,13mm (62),0.045655,6694645,22769,0.80395,3
Yellow_13mm (63).jpg,Yellow,13mm (63),0.050133,7646087,15622,0.795273,3
Yellow_13mm (64).jpg,Yellow,13mm (64),0.053271,8453233,14737,0.80053,3
Yellow_13mm (65).jpg,Yellow,13mm (65),0.053263,8416280,10312,0.804734,2
Yellow_13mm (66).jpg,Yellow,13mm (66),0.049076,7298093,23855,0.820244,3
Yellow_13mm (67).jpg,Yellow,13mm (67),0.042727,5674422,25876,0.800086,3
Yellow_13mm (68).jpg,Yellow,13mm (68),0.047732,6681250,25627,0.808979,3
Yellow_13mm (69).jpg,Yellow,13mm (69),0.050161,7467693,22944,0.805226,3
Yellow_13mm (7).jpg,Yellow,13mm (7),0.043081,5403366,26779,0.783165,3
Yellow_13mm (70).jpg,Yellow,13mm (70),0.056488,8748737,21048,0.802474,3
Yellow_13mm (71).jpg,Yellow,13mm (71),0.057616,9033158,13521,0.800881,3
Yellow_13mm (72).jpg,Yellow,13mm (72),0.052952,7650966,14411,0.797299,3
Yellow_13mm (73).jpg,Yellow,13mm (73),0.046547,6592362,13703,0.80118,3
Yellow_13mm (74).jpg,Yellow,13mm (74),0.051316,7661337,12690,0.791745,3
Yellow_13mm (75).jpg,Yellow,13mm (75),0.054494,8433631,11950,0.788838,2
Yellow_13mm (76).jpg,Yellow,13mm (76),0.056803,8970905,11332,0.807011,2
Yellow_13mm (77).jpg,Yellow,13mm (77),0.059773,9619221,11171,0.810863,2
Yellow_13mm (78).jpg,Yellow,13mm (78),0.056175,8312706,25041,0.776323,3
Yellow_13mm (79).jpg,Yellow,13mm (79),0.047331,6297325,27684,0.735557,3
Yellow_13mm (8).jpg,Yellow,13mm (8),0.040356,5299486,24931,0.795736,3
Yellow_13mm (80).jpg,Yellow,13mm (80),0.04872,6842476,24327,0.737817,3
Yellow_13mm (81).jpg,Yellow,13mm (81),0.053223,8012575,15539,0.778879,3
Yellow_13mm (82).jpg,Yellow,13mm (82),0.05432,8276952,15701,0.784163,3
Yellow_13mm (83).jpg,Yellow,13mm (83),0.057505,9092725,15714,0.785705,3
Yellow_13mm (84).jpg,Yellow,13mm (84),0.060109,9752135,15202,0.793667,3
Yellow_13mm (85).jpg,Yellow,13mm (85),0.056923,8388683,24312,0.789592,3
Yellow_13mm (86).jpg,Yellow,13mm (86),0.050162,6938389,25676,0.76041,3
Yellow_13mm (87).jpg,Yellow,13mm (87),0.043015,5611064,28328,0.790001,3
Yellow_13mm (88).jpg,Yellow,13mm (88),0.045575,6350684,25155,0.775939,3
Yellow_13mm (89).jpg,Yellow,13mm (89),0.048879,7270263,13976,0.771838,3
Yellow_13mm (9).jpg,Yellow,13mm (9),0.045723,5930317,23321,0.704708,3
Yellow_13mm (90).jpg,Yellow,13mm (90),0.051585,7947111,13660,0.777098,3
Yellow_13mm (91).jpg,Yellow,13mm (91),0.057662,8983352,13371,0.785495,3
Yellow_13mm (92).jpg,Yellow,13mm (92),0.05502,8162082,24611,0.806473,3
Yellow_13mm (93).jpg,Yellow,13mm (93),0.057972,9207329,13590,0.80158,3
Yellow_13mm (94).jpg,Yellow,13mm (94),0.062074,9587064,22970,0.80144,3
Yellow_13mm (95).jpg,Yellow,13mm (95),0.051229,7213583,25324,0.774914,3
Yellow_13mm (96).jpg,Yellow,13mm (96),0.046855,6345532,27218,0.781992,3
Yellow_13mm (97).jpg,Yellow,13mm (97),0.047962,6830143,24117,0.767047,3
Yellow_13mm (98).jpg,Yellow,13mm (98),0.054361,8123485,25244,0.793189,3
Yellow_13mm (99).jpg,Yellow,13mm (99),0.053263,7967227,23555,0.782631,3
Yellow_36mm (1).jpg,Yellow,36mm (1),0.01736,2910521,2457,0.856366,1
Yellow_36mm (10).jpg,Yellow,36mm (10),0.036903,5856579,2202,0.67633,1
Yellow_36mm (100).jpg,Yellow,36mm (100),0.056132,9425331,3758,0.742843,2
Yellow_36mm (11).jpg,Yellow,36mm (11),0.043635,6899871,3437,0.713533,1
Yellow_36mm (12).jpg,Yellow,36mm (12),0.049176,8273691,4220,0.730897,1
Yellow_36mm (13).jpg,Yellow,36mm (13),0.04539,7566147,5156,0.691497,1
Yellow_36mm (14).jpg,Yellow,36mm (14),0.05498,9422470,5191,0.726051,2
Yellow_36mm (15).jpg,Yellow,36mm (15),0.061714,10795396,5303,0.762518,2
Yellow_36mm (16).jpg,Yellow,36mm (16),0.053943,9140069,6378,0.717424,2
Yellow_36mm (17).jpg,Yellow,36mm (17),0.061513,10515461,6478,0.728612,2
Yellow_36mm (18).jpg,Yellow,36mm (18),0.04929,8168552,2509,0.728283,1
Yellow_36mm (19).jpg,Yellow,36mm (19),0.05571,9347421,4605,0.734116,2
Yellow_36mm (2).jpg,Yellow,36mm (2),0.02702,4641155,2498,0.849811,1
Yellow_36mm (20).jpg,Yellow,36mm (20),0.067113,11251323,4654,0.755202,2
Yellow_36mm (21).jpg,Yellow,36mm (21),0.047585,7798122,3640,0.756214,1
Yellow_36mm (22).jpg,Yellow,36mm (22),0.054035,9401201,6024,0.777345,2
Yellow_36mm (23).jpg,Yellow,36mm (23),0.059771,10544958,6888,0.792339,2
Yellow_36mm (24).jpg,Yellow,36mm (24),0.065984,11292957,9610,0.790679,2
Yellow_36mm (25).jpg,Yellow,36mm (25),0.046711,7596570,2747,0.687054,1
Yellow_36mm (26).jpg,Yellow,36mm (26),0.061074,10465475,2690,0.742725,2
Yellow_36mm (27).jpg,Yellow,36mm (27),0.04006,6614933,2309,0.680083,1
Yellow_36mm (28).jpg,Yellow,36mm (28),0.047544,8156200,6548,0.737499,1
Yellow_36mm (29).jpg,Yellow,36mm (29),0.063402,11041270,6594,0.747052,2
Yellow_36mm (3).jpg,Yellow,36mm (3),0.034514,5676802,2446,0.76201,1
Yellow_36mm (30).jpg,Yellow,36mm (30),0.049485,8198808,4360,0.706326,1
Yellow_36mm (31).jpg,Yellow,36mm (31),0.038321,6511675,3126,0.738002,1
Yellow_36mm (32).jpg,Yellow,36mm (32),0.044749,7723198,3620,0.760748,1
Yellow_36mm (33).jpg,Yellow,36mm (33),0.054591,9631584,6732,0.759993,2
Yellow_36mm (34).jpg,Yellow,36mm (34),0.05524,9640188,1878,0.74861,2
Yellow_36mm (35).jpg,Yellow,36mm (35),0.065181,11199049,1917,0.737794,2
Yellow_36mm (36).jpg,Yellow,36mm (36),0.063708,10775063,2615,0.751418,2
Yellow_36mm (37).jpg,Yellow,36mm (37),0.048389,8069773,3425,0.703083,1
Yellow_36mm (38).jpg,Yellow,36mm (38),0.056813,9922278,5452,0.744781,2
Yellow_36mm (39).jpg,Yellow,36mm (39),0.067208,11600194,5296,0.740277,2
Yellow_36mm (4).jpg,Yellow,36mm (4),0.04075,6862304,4496,0.768739,1
Yellow_36mm (40).jpg,Yellow,36mm (40),0.05482,8986670,2773,0.704525,1
Yellow_36mm (41).jpg,Yellow,36mm (41),0.061347,10389012,4727,0.735571,2
Yellow_36mm (42).jpg,Yellow,36mm (42),0.069951,11796876,4708,0.755301,2
Yellow_36mm (43).jpg,Yellow,36mm (43),0.061724,10339028,5137,0.73123,2
Yellow_36mm (44).jpg,Yellow,36mm (44),0.068496,11821084,5570,0.745287,2
Yellow_36mm (45).jpg,Yellow,36mm (45),0.046026,7240397,3412,0.638974,1
Yellow_36mm (46).jpg,Yellow,36mm (46),0.054027,9042715,3344,0.68181,1
Yellow_36mm (47).jpg,Yellow,36mm (47),0.059341,10088792,3411,0.695204,2
Yellow_36mm (48).jpg,Yellow,36mm (48),0.070014,12036282,5141,0.736521,2
Yellow_36mm (49).jpg,Yellow,36mm (49),0.058759,9456424,3785,0.672404,2
Yellow_36mm (5).jpg,Yellow,36mm (5),0.046015,7947974,3295,0.777254,1
Yellow_36mm (50).jpg,Yellow,36mm (50),0.049022,7494565,3740,0.644835,1
Yellow_36mm (51).jpg,Yellow,36mm (51),0.054214,8802522,3775,0.673285,1
Yellow_36mm (52).jpg,Yellow,36mm (52),0.063417,10697220,11004,0.715083,2
Yellow_36mm (53).jpg,Yellow,36mm (53),0.049761,7966739,3768,0.638421,1
Yellow_36mm (54).jpg,Yellow,36mm (54),0.063938,10560532,3707,0.685515,2
Yellow_36mm (55).jpg,Yellow,36mm (55),0.041649,6844655,3247,0.658035,1
Yellow_36mm (56).jpg,Yellow,36mm (56),0.034282,5112368,3351,0.640185,1
Yellow_36mm (57).jpg,Yellow,36mm (57),0.038084,6145598,3395,0.673514,1
Yellow_36mm (58).jpg,Yellow,36mm (58),0.048987,8257975,4164,0.693373,1
Yellow_36mm (59).jpg,Yellow,36mm (59),0.062779,11031287,4174,0.761412,2
Yellow_36mm (6).jpg,Yellow,36mm (6),0.052747,9382110,3944,0.789291,2
Yellow_36mm (60).jpg,Yellow,36mm (60),0.042495,7080962,3320,0.690167,1
Yellow_36mm (61).jpg,Yellow,36mm (61),0.034551,5788402,3298,0.710916,1
Yellow_36mm (62).jpg,Yellow,36mm (62),0.037831,6442580,5219,0.747598,1
Yellow_36mm (63).jpg,Yellow,36mm (63),0.049039,8452830,5215,0.761539,1
Yellow_36mm (64).jpg,Yellow,36mm (64),0.057794,10107295,5206,0.781049,2
Yellow_36mm (65).jpg,Yellow,36mm (65),0.063889,11405490,5219,0.804942,2
Yellow_36mm (66).jpg,Yellow,36mm (66),0.054586,9643830,5611,0.788137,2
Yellow_36mm (67).jpg,Yellow,36mm (67),0.060025,10612384,5428,0.80231,2
Yellow_36mm (68).jpg,Yellow,36mm (68),0.046356,7817447,5423,0.747109,1
Yellow_36mm (69).jpg,Yellow,36mm (69),0.057441,9884514,6153,0.772432,2
Yellow_36mm (7).jpg,Yellow,36mm (7),0.063684,11250859,6410,0.78242,2
Yellow_36mm (70).jpg,Yellow,36mm (70),0.045226,7730372,6968,0.765883,1
Yellow_36mm (71).jpg,Yellow,36mm (71),0.050596,8967131,7013,0.776126,2
Yellow_36mm (72).jpg,Yellow,36mm (72),0.034178,5427598,2201,0.695631,1
Yellow_36mm (73).jpg,Yellow,36mm (73),0.044593,7302666,2567,0.725041,1
Yellow_36mm (74).jpg,Yellow,36mm (74),0.050256,8569016,4002,0.751317,1
Yellow_36mm (75).jpg,Yellow,36mm (75),0.057622,9824574,3856,0.757514,2
Yellow_36mm (76).jpg,Yellow,36mm (76),0.063728,11074363,3892,0.750868,2
Yellow_36mm (77).jpg,Yellow,36mm (77),0.048749,8100551,4218,0.711265,1
Yellow_36mm (78).jpg,Yellow,36mm (78),0.037509,6240973,3457,0.727262,1
Yellow_36mm (79).jpg,Yellow,36mm (79),0.052,9014627,6400,0.804812,2
Yellow_36mm (8).jpg,Yellow,36mm (8),0.048505,8281499,3003,0.728379,1
Yellow_36mm (80).jpg,Yellow,36mm (80),0.037019,5746938,4003,0.690272,1
Yellow_36mm (81).jpg,Yellow,36mm (81),0.044995,7614548,4591,0.744496,1
Yellow_36mm (82).jpg,Yellow,36mm (82),0.055028,9399988,4439,0.756399,2
Yellow_36mm (83).jpg,Yellow,36mm (83),0.046493,7747783,4517,0.732146,1
Yellow_36mm (84).jpg,Yellow,36mm (84),0.057041,9948394,4502,0.755046,2
Yellow_36mm (85).jpg,Yellow,36mm (85),0.047709,8304315,4584,0.760877,1
Yellow_36mm (86).jpg,Yellow,36mm (86),0.048908,8172224,4601,0.739118,1
Yellow_36mm (87).jpg,Yellow,36mm (87),0.054712,9424099,4608,0.766793,2
Yellow_36mm (88).jpg,Yellow,36mm (88),0.063779,10884897,4601,0.769475,2
Yellow_36mm (89).jpg,Yellow,36mm (89),0.055979,9343706,4503,0.733165,2
Yellow_36mm (9).jpg,Yellow,36mm (9),0.04663,7764092,3326,0.703449,1
Yellow_36mm (90).jpg,Yellow,36mm (90),0.064437,10963416,4587,0.760411,2
Yellow_36mm (91).jpg,Yellow,36mm (91),0.05818,9737222,4748,0.727224,2
Yellow_36mm (92).jpg,Yellow,36mm (92),0.045729,7031763,4637,0.727245,1
Yellow_36mm (93).jpg,Yellow,36mm (93),0.048604,7756424,4647,0.718327,1
Yellow_36mm (94).jpg,Yellow,36mm (94),0.053758,8689430,4608,0.715015,1
Yellow_36mm (95).jpg,Yellow,36mm (95),0.05189,8494113,4627,0.705909,1
Yellow_36mm (96).jpg,Yellow,36mm (96),0.053775,9080563,4620,0.713755,1
Yellow_36mm (97).jpg,Yellow,36mm (97),0.047161,7754898,4625,0.722874,1
Yellow_36mm (98).jpg,Yellow,36mm (98),0.054698,9135956,4638,0.724539,2
Yellow_36mm (99).jpg,Yellow,36mm (99),0.047952,7799301,2955,0.67565,1
Yellow_68mm (1).jpg,Yellow,68mm (1),0.017963,2715901,3122,0.819632,1
Yellow_68mm (10).jpg,Yellow,68mm (10),0.068881,11829501,6114,0.743293,2
Yellow_68mm (100).jpg,Yellow,68mm (100),0.070112,11492428,7555,0.763847,2
Yellow_68mm (11).jpg,Yellow,68mm (11),0.059665,10282512,6549,0.73672,2
Yellow_68mm (12).jpg,Yellow,68mm (12),0.045629,7011743,3589,0.620708,1
Yellow_68mm (13).jpg,Yellow,68mm (13),0.052917,8625051,9653,0.701792,1
Yellow_68mm (14).jpg,Yellow,68mm (14),0.068989,11894175,10274,0.767018,2
Yellow_68mm (15).jpg,Yellow,68mm (15),0.049434,7845554,3653,0.679376,1
Yellow_68mm (16).jpg,Yellow,68mm (16),0.038067,5963255,4006,0.691703,1
Yellow_68mm (17).jpg,Yellow,68mm (17),0.042938,7171100,4000,0.703477,1
Yellow_68mm (18).jpg,Yellow,68mm (18),0.052504,8983499,13761,0.749256,3
Yellow_68mm (19).jpg,Yellow,68mm (19),0.045222,7321273,4332,0.673921,1
Yellow_68mm (2).jpg,Yellow,68mm (2),0.023148,3823499,2945,0.783012,1
Yellow_68mm (20).jpg,Yellow,68mm (20),0.049973,8311282,4306,0.705244,1
Yellow_68mm (21).jpg,Yellow,68mm (21),0.058366,9991594,9658,0.749321,2
Yellow_68mm (22).jpg,Yellow,68mm (22),0.065232,11440279,12681,0.789647,2
Yellow_68mm (23).jpg,Yellow,68mm (23),0.049683,7963210,4356,0.686381,1
Yellow_68mm (24).jpg,Yellow,68mm (24),0.073391,12343713,4303,0.761698,2
Yellow_68mm (25).jpg,Yellow,68mm (25),0.070942,11777859,4331,0.762634,2
Yellow_68mm (26).jpg,Yellow,68mm (26),0.073021,12179184,9156,0.763389,2
Yellow_68mm (27).jpg,Yellow,68mm (27),0.057629,9297475,4257,0.689744,2
Yellow_68mm (28).jpg,Yellow,68mm (28),0.063261,10354059,5253,0.728753,2
Yellow_68mm (29).jpg,Yellow,68mm (29),0.059208,9970936,4273,0.722556,2
Yellow_68mm (3).jpg,Yellow,68mm (3),0.030725,5179681,2835,0.767199,1
Yellow_68mm (30).jpg,Yellow,68mm (30),0.076487,13185665,5153,0.763357,2
Yellow_68mm (31).jpg,Yellow,68mm (31),0.060647,10151735,4281,0.723037,2
Yellow_68mm (32).jpg,Yellow,68mm (32),0.066962,11170944,4253,0.755639,2
Yellow_68mm (33).jpg,Yellow,68mm (33),0.079293,13313253,4239,0.767571,2
Yellow_68mm (34).jpg,Yellow,68mm (34),0.060217,9832274,4319,0.709024,2
Yellow_68mm (35).jpg,Yellow,68mm (35),0.065927,10923292,4270,0.737796,2
Yellow_68mm (36).jpg,Yellow,68mm (36),0.075817,12635493,4232,0.766018,2
Yellow_68mm (37).jpg,Yellow,68mm (37),0.065464,10671163,4253,0.71453,2
Yellow_68mm (38).jpg,Yellow,68mm (38),0.071918,11738615,4238,0.739046,2
Yellow_68mm (39).jpg,Yellow,68mm (39),0.074416,12247147,4249,0.76243,2
Yellow_68mm (4).jpg,Yellow,68mm (4),0.04281,7152640,3188,0.734805,1
Yellow_68mm (40).jpg,Yellow,68mm (40),0.055865,9092653,5037,0.730757,2
Yellow_68mm (41).jpg,Yellow,68mm (41),0.062157,10344206,4970,0.760457,2
Yellow_68mm (42).jpg,Yellow,68mm (42),0.05204,8502015,4978,0.702857,1
Yellow_68mm (43).jpg,Yellow,68mm (43),0.058916,9604535,4936,0.734295,2
Yellow_68mm (44).jpg,Yellow,68mm (44),0.047926,7340788,3305,0.685775,1
Yellow_68mm (45).jpg,Yellow,68mm (45),0.056552,9038254,7666,0.72497,2
Yellow_68mm (46).jpg,Yellow,68mm (46),0.041638,6161973,7695,0.68463,1
Yellow_68mm (47).jpg,Yellow,68mm (47),0.067829,10959622,7113,0.766313,2
Yellow_68mm (48).jpg,Yellow,68mm (48),0.052682,8112725,8585,0.711423,1
Yellow_68mm (49).jpg,Yellow,68mm (49),0.059949,9478662,8663,0.715235,2
Yellow_68mm (5).jpg,Yellow,68mm (5),0.049734,8556218,4631,0.754314,1
Yellow_68mm (50).jpg,Yellow,68mm (50),0.045133,6547011,2874,0.671595,1
Yellow_68mm (51).jpg,Yellow,68mm (51),0.050801,7772723,3981,0.709407,1
Yellow_68mm (52).jpg,Yellow,68mm (52),0.04813,7298765,3992,0.666141,1
Yellow_68mm (53).jpg,Yellow,68mm (53),0.056389,8803529,4065,0.730584,2
Yellow_68mm (54).jpg,Yellow,68mm (54),0.051429,8220526,5210,0.697217,1
Yellow_68mm (55).jpg,Yellow,68mm (55),0.042836,6509872,2256,0.649856,1
Yellow_68mm (56).jpg,Yellow,68mm (56),0.051821,8164729,4844,0.693748,1
Yellow_68mm (57).jpg,Yellow,68mm (57),0.06775,11024339,12138,0.742913,2
Yellow_68mm (58).jpg,Yellow,68mm (58),0.046929,7456135,5835,0.723931,1
Yellow_68mm (59).jpg,Yellow,68mm (59),0.051114,8169820,6498,0.726113,1
Yellow_68mm (6).jpg,Yellow,68mm (6),0.057361,10085725,9018,0.807033,2
Yellow_68mm (60).jpg,Yellow,68mm (60),0.057564,9465174,6535,0.768657,2
Yellow_68mm (61).jpg,Yellow,68mm (61),0.054805,8584033,6942,0.708284,1
Yellow_68mm (62).jpg,Yellow,68mm (62),0.058235,9733422,7871,0.750992,2
Yellow_68mm (63).jpg,Yellow,68mm (63),0.068162,11366215,7920,0.770432,2
Yellow_68mm (64).jpg,Yellow,68mm (64),0.074071,12423013,7939,0.785436,2
Yellow_68mm (65).jpg,Yellow,68mm (65),0.056067,9021369,8273,0.731474,2
Yellow_68mm (66).jpg,Yellow,68mm (66),0.064222,10749344,8094,0.761958,2
Yellow_68mm (67).jpg,Yellow,68mm (67),0.045358,6821816,3596,0.660638,1
Yellow_68mm (68).jpg,Yellow,68mm (68),0.049721,7984167,6544,0.68027,1
Yellow_68mm (69).jpg,Yellow,68mm (69),0.074291,12140567,5041,0.760249,2
Yellow_68mm (7).jpg,Yellow,68mm (7),0.067242,12209240,14917,0.798177,2
Yellow_68mm (70).jpg,Yellow,68mm (70),0.049865,7801233,4200,0.724236,1
Yellow_68mm (71).jpg,Yellow,68mm (71),0.069888,11537789,4158,0.776972,2
Yellow_68mm (72).jpg,Yellow,68mm (72),0.078471,13076716,5459,0.794065,2
Yellow_68mm (73).jpg,Yellow,68mm (73),0.06365,10248987,7660,0.756614,2
Yellow_68mm (74).jpg,Yellow,68mm (74),0.069486,11243886,7637,0.774977,2
Yellow_68mm (75).jpg,Yellow,68mm (75),0.07876,12989478,7660,0.793607,2
Yellow_68mm (76).jpg,Yellow,68mm (76),0.054087,8488919,6449,0.704315,1
Yellow_68mm (77).jpg,Yellow,68mm (77),0.069725,11794614,8903,0.74984,2
Yellow_68mm (78).jpg,Yellow,68mm (78),0.043205,6363776,3028,0.60779,1
Yellow_68mm (79).jpg,Yellow,68mm (79),0.063934,10296543,13773,0.713961,2
Yellow_68mm (8).jpg,Yellow,68mm (8),0.050584,8546388,3910,0.706015,1
Yellow_68mm (80).jpg,Yellow,68mm (80),0.072977,11922723,13671,0.73186,2
Yellow_68mm (81).jpg,Yellow,68mm (81),0.048674,7202020,4766,0.665099,1
Yellow_68mm (82).jpg,Yellow,68mm (82),0.027593,4270349,4749,0.680889,1
Yellow_68mm (83).jpg,Yellow,68mm (83),0.062214,10636206,6027,0.752948,2
Yellow_68mm (84).jpg,Yellow,68mm (84),0.062156,10395450,7845,0.776461,2
Yellow_68mm (85).jpg,Yellow,68mm (85),0.04178,6517530,4730,0.724912,1
Yellow_68mm (86).jpg,Yellow,68mm (86),0.037401,5676271,4699,0.674055,1
Yellow_68mm (87).jpg,Yellow,68mm (87),0.050211,8196838,7887,0.740805,1
Yellow_68mm (88).jpg,Yellow,68mm (88),0.058257,9597094,7914,0.771075,2
Yellow_68mm (89).jpg,Yellow,68mm (89),0.038212,5797883,4806,0.702919,1
Yellow_68mm (9).jpg,Yellow,68mm (9),0.049156,8196905,4014,0.684716,1
Yellow_68mm (90).jpg,Yellow,68mm (90),0.047313,7593200,4740,0.758096,1
Yellow_68mm (91).jpg,Yellow,68mm (91),0.063761,10465942,4693,0.780964,2
Yellow_68mm (92).jpg,Yellow,68mm (92),0.066909,11072620,5989,0.796069,2
Yellow_68mm (93).jpg,Yellow,68mm (93),0.070934,11899074,6028,0.799382,2
Yellow_68mm (94).jpg,Yellow,68mm (94),0.057128,9499082,8453,0.784858,2
Yellow_68mm (95).jpg,Yellow,68mm (95),0.045089,7198580,4788,0.744092,1
Yellow_68mm (96).jpg,Yellow,68mm (96),0.052208,8451088,4725,0.769552,1
Yellow_68mm (97).jpg,Yellow,68mm (97),0.068648,11299235,4736,0.774081,2
Yellow_68mm (98).jpg,Yellow,68mm (98),0.070698,11545628,4738,0.77773,2
Yellow_68mm (99).jpg,Yellow,68mm (99),0.06418,10583259,5647,0.778657,2
